label,path,split
Email,train/2079129860.jpg,train
Email,train/2085119305a.jpg,train
ADVE,train/92206285.jpg,train
Scientific,train/10404393_10404399.jpg,train
ADVE,train/502217247+-7247.jpg,train
Resume,train/50590985-0986.jpg,train
Letter,train/11002448.jpg,train
Email,train/2084391198a.jpg,train
Note,train/2077122151.jpg,train
Form,train/2505234135_4136.jpg,train
ADVE,train/2070500515_0516.jpg,train
Memo,train/518532897+-2897.jpg,train
Letter,train/50079373.jpg,train
Form,train/2051064814_2051064816.jpg,train
Memo,test/2062427064_2062427071.jpg,train
Letter,train/60023807.jpg,train
Email,train/2073258365.jpg,train
Letter,train/11281614.jpg,train
Letter,val/689417.jpg,train
Report,train/506583220_506583221.jpg,train
Report,train/2022143383.jpg,train
Memo,train/2045845326.jpg,train
Form,train/2505654925.jpg,train
Email,train/2071565220a.jpg,train
Letter,test/60012482_60012483.jpg,train
Letter,train/tnwl0002422.jpg,train
ADVE,train/2042348217.jpg,train
News,train/10031617.jpg,train
Email,train/529247216+-7216.jpg,train
Scientific,test/50601614-1617.jpg,train
News,train/2025382018.jpg,train
Email,train/527925861+-5862.jpg,train
ADVE,test/518050854_518050855.jpg,train
Resume,train/50602461-2462.jpg,train
Email,val/2081510216c.jpg,train
ADVE,train/2041511979.jpg,train
News,train/2025880123.jpg,train
Scientific,val/10146565_10146568.jpg,train
ADVE,train/2042333574.jpg,train
Memo,train/titx1529.40_titx1529.41.jpg,train
Email,train/2505225305a.jpg,train
Memo,train/2072877887.jpg,train
Resume,test/40047516-7517.jpg,train
Email,train/2079043035.jpg,train
Resume,test/50023848_50023850.jpg,train
Memo,test/2010067199.jpg,train
Email,train/2085765256.jpg,train
Form,train/01129640.jpg,train
Note,test/2023129971.jpg,train
Letter,val/CTRCONTRACTS026722-6.jpg,train
Memo,train/0000029906.jpg,train
News,val/2501204899.jpg,train
Email,train/2505217313a.jpg,train
ADVE,train/2084412816_2817.jpg,train
Email,train/2072389206d_9207.jpg,train
Report,train/503999149+-9150.jpg,train
Letter,val/501542245.jpg,train
Report,train/500206087_500206093.jpg,train
Memo,train/92757436.jpg,train
Scientific,train/50603971-3971.jpg,train
Letter,train/500219724+-9725.jpg,train
Letter,train/50365515-5515.jpg,train
Report,train/2057342922_2947.jpg,train
Report,val/506934156_506934157.jpg,train
ADVE,train/500323180+-3180.jpg,train
Scientific,train/50546182-6182.jpg,train
Memo,val/518768911+-8911.jpg,train
Memo,train/504880625_504880626.jpg,train
Email,train/527812852+-2853.jpg,train
News,train/1003537794-a.jpg,train
Email,train/2082986649c.jpg,train
ADVE,train/503783160+-3160.jpg,train
Memo,train/1003479904.jpg,train
Memo,val/0000170925.jpg,train
Form,val/2050890408.jpg,train
ADVE,train/2061141775.jpg,train
Memo,val/508228211_508228220.jpg,train
Scientific,train/10400989_10400990.jpg,train
Report,test/2028620226.jpg,train
News,train/00625137.jpg,train
News,train/10029170.jpg,train
Email,train/2082375116.jpg,train
Report,train/516597850+-7850.jpg,train
Report,train/2050247507.jpg,train
Report,test/2022148121.jpg,train
Letter,train/tob02614.42.jpg,train
Form,val/2051163935.jpg,train
Letter,train/50361273-1273.jpg,train
Form,train/2030109097.jpg,train
ADVE,train/87064470.jpg,train
Letter,train/CTRSP-FILES014766-47.jpg,train
Memo,train/93444732a.jpg,train
News,test/2026261439.jpg,train
Report,val/2024438352.jpg,train
Letter,train/516394905_516394908.jpg,train
News,train/2023271099.jpg,train
Memo,train/2054547221.jpg,train
Email,val/2082400874.jpg,train
Letter,train/CTRSP-FILES003409-34.jpg,train
Email,train/2077480206a.jpg,train
Note,train/2070386760.jpg,train
Letter,train/10375498.jpg,train
Form,train/505857485.jpg,train
Memo,test/2064279128.jpg,train
Form,train/2505108126_8127.jpg,train
Memo,train/2041874888.jpg,train
Form,train/2063219938.jpg,train
Form,train/2030987291.jpg,train
Memo,train/504409810_504409811.jpg,train
Email,train/80909413.jpg,train
Memo,train/2054544305.jpg,train
News,train/2048270201.jpg,train
News,train/94682942.jpg,train
Letter,train/50088409.jpg,train
Form,test/2084471399.jpg,train
Scientific,train/2022945385.jpg,train
ADVE,val/502472358.jpg,train
Memo,train/2047441654.jpg,train
Note,val/2028897672.jpg,train
Memo,val/0000547826.jpg,train
News,train/1002403141.jpg,train
Note,train/2029180090.jpg,train
Letter,train/502348783_502348784.jpg,train
Letter,train/521115354+-5356.jpg,train
Form,train/2030797528.jpg,train
Memo,val/44007097.jpg,train
Memo,train/2043894005.jpg,train
Form,train/520078025+-8027.jpg,train
News,train/2083781257.jpg,train
Form,val/2505402423.jpg,train
Letter,test/50011833.jpg,train
Report,val/tob08110.23_tob08110.30.jpg,train
Form,train/2502054295.jpg,train
Letter,val/50327024-7025.jpg,train
Resume,train/40002609-2610.jpg,train
Letter,test/512540914_512540915.jpg,train
Email,train/2505520136.jpg,train
ADVE,val/71408946.jpg,train
Memo,train/1396849.jpg,train
Report,train/505939350.jpg,train
Email,train/2083287881.jpg,train
Email,train/2074686186a_6187.jpg,train
ADVE,test/1002760819.jpg,train
Letter,train/50203102-3102.jpg,train
ADVE,train/502610107+-0107.jpg,train
Form,train/2083838637.jpg,train
Email,test/2082042530a.jpg,train
Email,train/2078800112b.jpg,train
Email,train/2072597944b.jpg,train
Email,train/528374671+-4671.jpg,train
Email,train/2085532615_2616.jpg,train
Letter,val/tob02711.67.jpg,train
Letter,train/60006851.jpg,train
Note,train/524449506+-9506.jpg,train
Memo,train/ti00290170_0176.jpg,train
Email,train/527885883+-5883.jpg,train
Report,train/518308532+-8533.jpg,train
Memo,train/503856809_503856811.jpg,train
Report,train/71103533.jpg,train
News,train/2072201232.jpg,train
Email,train/528430695+-0695.jpg,train
Letter,train/60017528.jpg,train
Report,train/2028716785.jpg,train
News,train/2023175414.jpg,train
Form,train/2054124215.jpg,train
Resume,train/50442704-2713.jpg,train
Form,test/2028696931.jpg,train
Email,train/2084392262.jpg,train
Email,train/2085269110.jpg,train
ADVE,train/0000556056.jpg,train
Email,train/2085793905a.jpg,train
Memo,train/2073005257.jpg,train
Report,train/500929359.jpg,train
Letter,val/50445206-5206.jpg,train
Resume,train/50479406-9407.jpg,train
Report,train/0011987564.jpg,train
Letter,train/titl0003493_3506.jpg,train
Memo,test/2064233234.jpg,train
Email,train/528600874+-0874.jpg,train
Memo,train/509452348+-2348.jpg,train
Resume,train/50722487-2488.jpg,train
Report,train/507692234+-2243.jpg,train
Report,train/2057353836.jpg,train
Resume,train/50579200-9201.jpg,train
Email,test/530908549+-8551.jpg,train
Note,train/2020247638.jpg,train
Report,test/2029198211.jpg,train
Form,test/2063850367_0368.jpg,train
ADVE,train/2069506477.jpg,train
ADVE,train/03722789.jpg,train
Email,train/527802957+-2958.jpg,train
Report,test/92081249_1250.jpg,train
Letter,val/50110821-0821.jpg,train
Memo,train/2065322958.jpg,train
Memo,test/tob18717.65.jpg,train
Email,train/2078871620.jpg,train
Memo,train/2500120257_2500120259.jpg,train
Email,train/2069750432_0433.jpg,train
ADVE,train/502474424.jpg,train
Memo,train/527820130+-0130.jpg,train
Email,train/528803013+-3014.jpg,train
Letter,val/70118949-8950.jpg,train
Memo,train/2057775423.jpg,train
Form,train/2063935614_5615.jpg,train
Memo,train/0000059503.jpg,train
Report,train/510832749.jpg,train
ADVE,train/2058503524.jpg,train
Email,train/2085111870a.jpg,train
Memo,train/505988421_505988422.jpg,train
Memo,val/2078645121_5122.jpg,train
Email,train/2085133858b.jpg,train
Report,train/507767713_507767722.jpg,train
Report,train/503254175+-4176.jpg,train
ADVE,train/tob19002.28_tob19002.30.jpg,train
News,train/2083779313.jpg,train
Email,train/2071106472b.jpg,train
Scientific,train/50655432-5443.jpg,train
Form,train/2505233645_3646.jpg,train
Resume,test/40019153-9154.jpg,train
Form,train/2020056497.jpg,train
Resume,train/50467009-7010.jpg,train
Form,train/508010150.jpg,train
Resume,train/50479508-9509.jpg,train
ADVE,train/2070711761.jpg,train
Memo,train/96008379.jpg,train
Form,train/2078252008.jpg,train
Letter,train/60007551.jpg,train
Form,train/2045468031.jpg,train
Letter,train/44006199_44006202.jpg,train
ADVE,train/502596443.jpg,train
Email,train/2070975926c_5927.jpg,train
Report,test/2023286661.jpg,train
News,train/2063887409.jpg,train
Report,test/505683667+-3670.jpg,train
Memo,train/2075808091a.jpg,train
Letter,test/10021964.jpg,train
Scientific,train/50538109-8115.jpg,train
Email,train/2085760833a.jpg,train
Memo,train/03615288_03615289.jpg,train
Letter,train/ti11491978.jpg,train
Memo,val/0000104448.jpg,train
Form,train/2029148403.jpg,train
ADVE,train/502590268.jpg,train
Note,train/2023192377.jpg,train
Resume,test/50405403-5404.jpg,train
Letter,train/60021705.jpg,train
Form,train/2054911394.jpg,train
Email,train/527888831+-8831.jpg,train
Memo,test/71194840.jpg,train
Email,train/2085120731.jpg,train
Letter,train/50135293-5293.jpg,train
Letter,val/11303519.jpg,train
ADVE,train/664383.jpg,train
ADVE,val/03567810.jpg,train
News,train/2046117930.jpg,train
Scientific,train/10194471_10194474.jpg,train
News,train/1003044160-e.jpg,train
Report,train/ti09910500_0513.jpg,train
Letter,train/50162077-2078.jpg,train
Email,train/2072705831.jpg,train
Report,train/517992376+-2378.jpg,train
Memo,train/2064835504.jpg,train
ADVE,train/2061190138.jpg,train
Email,train/2084289442a.jpg,train
Email,train/2070046454a.jpg,train
Form,test/2083862805.jpg,train
ADVE,train/503960254.jpg,train
Memo,train/517444539+-4540.jpg,train
ADVE,train/2045830670.jpg,train
Email,test/2078585095.jpg,train
ADVE,train/503781513.jpg,train
Form,train/2063066794.jpg,train
Report,train/506040089_506040092.jpg,train
Email,train/2085542857a.jpg,train
Memo,train/2051080096.jpg,train
Report,train/506030259.jpg,train
Memo,val/2065224640_4641.jpg,train
Memo,test/505492811_505492812.jpg,train
Memo,train/512011799+-1799.jpg,train
Email,train/2081700495a.jpg,train
Email,train/2085078244.jpg,train
Memo,train/508976810_508976811.jpg,train
Form,train/2075764125.jpg,train
Form,train/99193395.jpg,train
ADVE,train/87063899.jpg,train
ADVE,train/2064004681.jpg,train
Letter,train/500920901.jpg,train
ADVE,test/2044759026.jpg,train
Email,val/2078208162b.jpg,train
Memo,train/13055817.jpg,train
Resume,train/50639278-9279.jpg,train
Letter,train/60012400.jpg,train
ADVE,train/0030048989.jpg,train
Form,train/89405867_89405868.jpg,train
Note,train/2031018769.jpg,train
Email,train/2078866065.jpg,train
Resume,train/50509820-9820.jpg,train
Form,train/2077883186.jpg,train
Form,train/2030190285.jpg,train
Form,val/2030113468.jpg,train
Resume,train/40049902-9903.jpg,train
Email,train/530596715+-6715.jpg,train
Letter,train/13037818.jpg,train
Letter,train/ti11211794_1795.jpg,train
Note,train/2030714615.jpg,train
Form,train/2073595585.jpg,train
Note,train/00093561.jpg,train
Form,train/2023995006.jpg,train
Memo,train/504740366.jpg,train
Scientific,train/10420278.jpg,train
Email,train/2505229081a.jpg,train
Email,train/2072747154b.jpg,train
Letter,train/50027038.jpg,train
Form,train/2065157324.jpg,train
Email,train/2084033434.jpg,train
Memo,train/1001866123_1001866124.jpg,train
Email,train/2085793441.jpg,train
Form,train/527990161+-0162.jpg,train
Email,val/527790672+-0672.jpg,train
ADVE,train/2058504564.jpg,train
ADVE,train/2061002797.jpg,train
Email,test/527865354+-5354.jpg,train
Form,val/2505119474.jpg,train
Note,train/1005127604_1005127605.jpg,train
Resume,train/50636686-6687.jpg,train
Form,train/2064962489.jpg,train
Letter,train/501943572+-3574.jpg,train
Memo,train/2074737024_7028.jpg,train
Note,train/2028747856.jpg,train
Letter,train/ton03413.40.jpg,train
Letter,train/50370017-0018.jpg,train
Note,train/1000240946.jpg,train
Report,train/507061337+-1350.jpg,train
Email,test/2077982703a_2704.jpg,train
Letter,train/11289117.jpg,train
Memo,train/518695806+-5806.jpg,train
Email,train/2081762672.jpg,train
Email,train/2078346945.jpg,train
Form,train/2077493568.jpg,train
Memo,train/71146504.jpg,train
Form,train/2024494158-a.jpg,train
Report,train/508536414+-6418.jpg,train
Email,train/2085120453b.jpg,train
Report,train/2028984183.jpg,train
Memo,train/2054924695.jpg,train
Memo,train/2070370405.jpg,train
Email,test/2085107848.jpg,train
Email,val/2067640632.jpg,train
Letter,val/507407645.jpg,train
Form,train/2501992820.jpg,train
ADVE,train/501157471+-7480.jpg,train
Email,test/2078373762.jpg,train
Email,train/2085724363.jpg,train
Note,train/2024024233.jpg,train
Email,train/2080891364d_1365.jpg,train
Memo,test/2078202885_2886.jpg,train
Email,train/2082835068c.jpg,train
Note,train/1013025.jpg,train
Email,train/2078345432.jpg,train
Scientific,train/10421720_10421729.jpg,train
Email,train/2085134821a.jpg,train
ADVE,train/502607162+-7162.jpg,train
Form,train/2028880868.jpg,train
Memo,train/85069315.jpg,train
ADVE,val/2084427165_7166.jpg,train
Memo,train/507386652+-6652.jpg,train
Memo,val/0000146507.jpg,train
Email,train/2067227128.jpg,train
Memo,train/2023012813.jpg,train
Memo,test/2073336543.jpg,train
Email,train/2071787140a.jpg,train
Letter,train/50615547-5548.jpg,train
Form,train/2063269412.jpg,train
News,val/2044771242.jpg,train
Email,train/2082782963.jpg,train
Email,train/2078637110.jpg,train
Email,train/528698555+-8560.jpg,train
Email,train/2505287241a.jpg,train
Email,train/2085764954b_4956.jpg,train
Report,val/2501329036.jpg,train
Note,train/0000248859.jpg,train
ADVE,val/2048729226.jpg,train
Email,train/2085697107e_7108.jpg,train
Memo,test/2501027943.jpg,train
Note,train/2028838727_2028838729.jpg,train
Memo,train/512315558.jpg,train
Form,train/2026002985.jpg,train
Report,train/0000008957.jpg,train
Memo,train/510221250_510221253.jpg,train
Form,train/2051388902.jpg,train
ADVE,val/87003967_87003968.jpg,train
Form,val/2054491148.jpg,train
News,train/10031067.jpg,train
Email,val/2085801762.jpg,train
Memo,train/506464139.jpg,train
ADVE,train/12320856.jpg,train
Letter,train/60009061.jpg,train
Email,train/2071972378.jpg,train
Resume,train/50586528-6531.jpg,train
Memo,train/12850443.jpg,train
Letter,train/50437836-7836.jpg,train
Email,test/2078875153.jpg,train
Note,train/2024255591.jpg,train
Letter,train/504275731.jpg,train
ADVE,train/2058502871.jpg,train
Letter,train/513988895_513988898.jpg,train
Form,train/2040890277.jpg,train
Form,train/2505365152.jpg,train
News,train/1003043510-a.jpg,train
Report,train/ti02550955_0958.jpg,train
Scientific,train/10331632_10331638.jpg,train
ADVE,train/87064857.jpg,train
Email,train/2073356804b.jpg,train
Report,train/ti16740794_0797.jpg,train
Letter,train/508047850+-7850.jpg,train
Memo,train/1000874341_1000874344.jpg,train
Form,train/518643444.jpg,train
Letter,train/517572982+-2983.jpg,train
Email,train/2082224692c_4693.jpg,train
Form,train/2056288404.jpg,train
Form,train/2070934900.jpg,train
Letter,train/ti16601162.jpg,train
Email,train/2078616645.jpg,train
Report,train/tim00403.90_tim00403.91.jpg,train
News,train/1000150875-a.jpg,train
Form,train/2073475109.jpg,train
Letter,train/12721591.jpg,train
News,train/91017445.jpg,train
Letter,train/501343042_501343047.jpg,train
Letter,train/503885478.jpg,train
Letter,train/518476232+-6232.jpg,train
Letter,train/11246589.jpg,train
ADVE,train/2058503900.jpg,train
News,test/2016003493.jpg,train
Letter,train/11026865.jpg,train
Memo,test/93802240.jpg,train
Letter,train/71210664.jpg,train
ADVE,train/04233037_04233039.jpg,train
Resume,train/50313867-3869.jpg,train
Memo,test/2044093019.jpg,train
Email,train/2085262852.jpg,train
Resume,train/50439450-9451.jpg,train
Email,train/2085108289.jpg,train
Form,train/87402332_2333.jpg,train
Letter,test/513415616.jpg,train
Note,train/01404111.jpg,train
Letter,train/tob08602.49.jpg,train
Memo,train/01337755.jpg,train
Resume,train/40028776-8777.jpg,train
Scientific,train/50609172-9177.jpg,train
Letter,test/517783754+-3754.jpg,train
News,train/2080726921_6923.jpg,train
Memo,train/82777112.jpg,train
Report,train/522929206+-9206.jpg,train
Memo,train/tob07720.02.jpg,train
Letter,train/10223631.jpg,train
Report,val/tim00629.17_tim00629.20.jpg,train
News,train/10031147.jpg,train
Letter,train/518641553_518641555.jpg,train
Memo,train/0013140948.jpg,train
Email,train/2085792518a.jpg,train
Letter,train/dun00318.93_dun00318.93.jpg,train
Resume,train/50500260-0261.jpg,train
Letter,train/60024487.jpg,train
Report,train/11225239_11225242.jpg,train
ADVE,train/503783036+-3036.jpg,train
Email,train/2505940096.jpg,train
Scientific,train/50612436-2444.jpg,train
Email,train/99410006.jpg,train
ADVE,train/71896384.jpg,train
Email,train/2081970957a.jpg,train
Note,test/2022245046.jpg,train
Email,train/528014900+-4900.jpg,train
Form,train/2023182617.jpg,train
Note,train/2021546486.jpg,train
ADVE,train/1002761179.jpg,train
Email,test/2071773443a.jpg,train
Letter,train/71119336.jpg,train
Letter,train/50551250-1251.jpg,train
Memo,train/93299184.jpg,train
Email,train/2075574247c_4248.jpg,train
Note,train/2072150072.jpg,train
Resume,train/50618083-8085.jpg,train
Email,test/2085759967a.jpg,train
Letter,train/504034961_504034962.jpg,train
Letter,val/60006786.jpg,train
Memo,train/2023118626_2023118627.jpg,train
Form,train/2071023345.jpg,train
Email,train/528802826+-2826.jpg,train
Memo,train/506050726_506050727.jpg,train
Email,train/2078790784.jpg,train
Email,train/2072356326b.jpg,train
Memo,train/2044393287.jpg,train
Email,train/2085775268d.jpg,train
Email,train/529046054+-6061.jpg,train
Note,train/2020102257.jpg,train
Letter,train/522028451+-8451.jpg,train
Email,train/2085108596a.jpg,train
Note,train/11282478.jpg,train
Letter,train/titx0224.70.jpg,train
Memo,train/2050984554.jpg,train
Note,train/10384492.jpg,train
Note,train/2070393585.jpg,train
Resume,train/50506096-6097.jpg,train
Scientific,val/10412046_10412049.jpg,train
Letter,train/10389325.jpg,train
Memo,train/2054927900_2054927901.jpg,train
Email,train/81882169_2170.jpg,train
Report,train/513206103+-6103.jpg,train
Letter,train/509282179_509282180.jpg,train
Report,train/514725860_514725861.jpg,train
Email,test/2085789783b.jpg,train
Memo,train/91765155.jpg,train
ADVE,test/93330837.jpg,train
Note,train/2071191029.jpg,train
Email,train/2085141399a.jpg,train
Memo,train/2023437101.jpg,train
Email,train/2085778079.jpg,train
Memo,test/506718643_506718644.jpg,train
Form,train/2051160492.jpg,train
Note,val/2024407772.jpg,train
News,train/1002402586.jpg,train
Memo,test/2072006278.jpg,train
Note,train/2020155279.jpg,train
Form,train/96690786.jpg,train
Email,test/2078711737a.jpg,train
Email,train/2080650521c.jpg,train
Memo,train/2065268936_8938.jpg,train
Memo,train/2074163081.jpg,train
Memo,train/611829.jpg,train
News,val/1003543120.jpg,train
Email,train/529202087+-2087.jpg,train
Note,train/2029026171.jpg,train
Note,train/2085234526.jpg,train
Email,train/2078172039.jpg,train
News,train/0000330171.jpg,train
Memo,train/0000067671.jpg,train
Memo,train/2501065502.jpg,train
Note,train/2021528870.jpg,train
Report,test/506233399+-3399.jpg,train
ADVE,train/2058501637.jpg,train
Memo,train/03000416_03000417.jpg,train
Memo,train/506263567_506263572.jpg,train
ADVE,train/0000435350.jpg,train
Memo,train/2042017254.jpg,train
ADVE,train/502473843.jpg,train
Note,train/2078315311.jpg,train
Letter,train/ton02314.98.jpg,train
Email,val/2084289636b.jpg,train
Letter,test/507124268+-4270.jpg,train
Email,train/2085282002.jpg,train
Memo,train/1000816599.jpg,train
Memo,test/0000237399.jpg,train
Report,train/10423065_10423068.jpg,train
Email,train/2084194412.jpg,train
Memo,test/01329196.jpg,train
Letter,train/11292395.jpg,train
Memo,test/13497827.jpg,train
Report,train/510907182_510907183.jpg,train
Memo,val/2042014987.jpg,train
Scientific,train/10092523_10092530.jpg,train
Email,train/528986461+-6462.jpg,train
Report,train/511052379_511052380.jpg,train
Memo,train/91878674_91878675.jpg,train
News,train/2024210851.jpg,train
Memo,test/518193540.jpg,train
Note,train/2072037683.jpg,train
ADVE,test/2070501595.jpg,train
Report,train/tnwl0002042_2045.jpg,train
Memo,train/1002907300.jpg,train
News,train/1005125627.jpg,train
Email,train/2081193524.jpg,train
Email,train/2085764028a.jpg,train
Email,train/2081499563a.jpg,train
Report,val/501115325+-5327.jpg,train
Form,train/2030372552.jpg,train
Memo,train/2065281482_1483.jpg,train
Email,train/2505476088a.jpg,train
Memo,train/2042812605.jpg,train
Email,train/2085751613a.jpg,train
Memo,train/1002404720_1002404721.jpg,train
Memo,train/04107922_04107926.jpg,train
ADVE,train/502597916.jpg,train
Email,test/2081703215a.jpg,train
Resume,train/50501854-1854.jpg,train
Email,train/527943453+-3453.jpg,train
Email,test/2080777017a.jpg,train
Email,train/527793256+-3258.jpg,train
ADVE,train/2070717320_7321.jpg,train
Letter,test/94000570.jpg,train
Memo,train/92707788.jpg,train
Report,test/2064751581.jpg,train
Letter,train/503664474_503664475.jpg,train
Memo,train/01329768.jpg,train
Memo,val/03854099.jpg,train
Scientific,train/514948201+-8201.jpg,train
Scientific,test/PUBLICATIONS030901-0.jpg,train
Note,test/2021655168.jpg,train
Memo,train/2082514837.jpg,train
Email,train/2078852235.jpg,train
Note,train/2074551872.jpg,train
Email,test/2083432603a.jpg,train
Email,test/2085754049c.jpg,train
ADVE,train/506672255_506672256.jpg,train
Memo,train/2051443365.jpg,train
Letter,train/518203735.jpg,train
Memo,val/2022948982.jpg,train
Email,train/2084391924.jpg,train
Report,train/522528735+-8736.jpg,train
Report,test/500272849_500272900.jpg,train
Email,train/2505423846b_3847.jpg,train
Email,train/2080829018.jpg,train
Letter,train/ton04200.95.jpg,train
Email,train/528581385+-1389.jpg,train
Email,val/2078586412.jpg,train
News,train/2021279291.jpg,train
News,train/10405567.jpg,train
Report,train/506631896.jpg,train
Form,train/2063195647.jpg,train
ADVE,train/507806606.jpg,train
Memo,train/2051034159.jpg,train
Email,train/2071863501a.jpg,train
Letter,train/11276252.jpg,train
Email,train/2085056272a.jpg,train
Form,train/2501231184.jpg,train
Memo,train/2075169250_9251.jpg,train
ADVE,train/502108541+-8546.jpg,train
Note,val/84422713.jpg,train
Email,train/2078168491.jpg,train
Email,test/2085757193.jpg,train
Form,train/2056598962.jpg,train
Report,train/500649033_500649045.jpg,train
Form,train/2063857341_7342.jpg,train
Letter,val/509666724_509666725.jpg,train
Report,train/2062090416.jpg,train
Memo,train/ti07830376.jpg,train
Email,train/2708506046a.jpg,train
Email,train/2081184286.jpg,train
Note,train/50488503-8503.jpg,train
ADVE,train/2061000301.jpg,train
Email,train/2083647887a.jpg,train
Form,train/2001113061.jpg,train
Form,train/83876034.jpg,train
Letter,val/512753125.jpg,train
Memo,train/2053522412.jpg,train
Email,test/528003796+-3796.jpg,train
News,val/2083542628.jpg,train
Memo,train/00275226_00275227.jpg,train
Email,train/2073826651.jpg,train
Email,train/2084029676.jpg,train
Report,train/501131762+-1762.jpg,train
Form,train/2501762327.jpg,train
Letter,test/50343351-3351.jpg,train
Report,train/502417535.jpg,train
ADVE,train/ton01906.84.jpg,train
Email,train/2083292414a.jpg,train
Memo,train/2054621429.jpg,train
ADVE,train/501303452+-3452.jpg,train
Memo,train/2062210337.jpg,train
Form,test/2055400325.jpg,train
Letter,train/40007049-7050.jpg,train
Letter,test/10427746.jpg,train
Memo,val/2072813043.jpg,train
Form,train/514182141+-2141.jpg,train
Memo,train/2085618986.jpg,train
Report,train/500735305.jpg,train
News,train/85879135_85879138.jpg,train
News,test/2046407013_7014.jpg,train
Resume,train/2028975962_2028975964.jpg,train
News,train/2070397531.jpg,train
Form,test/2076256156.jpg,train
ADVE,train/502599535+-9535.jpg,train
Memo,train/2022209162.jpg,train
Resume,train/50521422-1423.jpg,train
Memo,train/512609438_512609439.jpg,train
Form,train/524002607+-2607.jpg,train
Memo,train/2054838139_2054838140.jpg,train
Note,train/2024473886.jpg,train
ADVE,test/2040811409.jpg,train
Letter,train/501470966.jpg,train
Resume,train/50493176-3177.jpg,train
Email,train/2074179164.jpg,train
Email,train/2085761790a.jpg,train
Email,train/2078337049d.jpg,train
Memo,train/502523402.jpg,train
Form,test/2023263057.jpg,train
Letter,train/50450839-0839.jpg,train
Report,train/2070710176.jpg,train
Resume,train/50565399-5401.jpg,train
Memo,train/1003390961.jpg,train
Memo,train/98779515.jpg,train
Email,train/2078706985.jpg,train
Letter,train/50419732-9732.jpg,train
Email,train/2072356497d.jpg,train
Memo,train/2024939330.jpg,train
Resume,train/50638712-8712.jpg,train
ADVE,train/2071465080_5081.jpg,train
Letter,train/50050161.jpg,train
Memo,train/82866939.jpg,train
Note,val/2075949750.jpg,train
ADVE,train/512725630.jpg,train
Letter,train/525022027+-2027.jpg,train
Form,train/2065372884.jpg,train
Memo,train/504783010_504783011.jpg,train
Email,train/2081350001b.jpg,train
Report,train/515321531+-1533.jpg,train
ADVE,train/502592126.jpg,train
Email,train/2072569303.jpg,train
Letter,train/11019361.jpg,train
Email,train/527862259+-2259.jpg,train
Email,train/2085801251.jpg,train
Email,train/2085724563a.jpg,train
Report,train/2505375213.jpg,train
Memo,train/88116311_88116313.jpg,train
Memo,test/tob03508.13.jpg,train
Letter,train/50199028-9028.jpg,train
Report,train/515395510_515395524.jpg,train
Note,train/2043246073.jpg,train
Memo,train/tcal0367773.jpg,train
Form,train/521068371+-8371.jpg,train
Memo,test/0000022175.jpg,train
Memo,train/2050941553.jpg,train
Note,train/50076168.jpg,train
Note,train/1003188772.jpg,train
Letter,train/11220408_11220409.jpg,train
Memo,val/1002977842_1002977847.jpg,train
Note,train/2063181986.jpg,train
Report,train/509227491+-7492.jpg,train
Email,train/2069751488.jpg,train
Memo,train/92638744.jpg,train
News,train/2083513848.jpg,train
Resume,train/50654827-4828.jpg,train
Email,train/2085697684b.jpg,train
Report,train/2056298359.jpg,train
Memo,train/511011264_511011268.jpg,train
Letter,train/60020317.jpg,train
Memo,train/89449655.jpg,train
Memo,train/ton05123.21.jpg,train
Report,train/506189288_506189298.jpg,train
Memo,train/tob01919.07.jpg,train
Resume,test/50597708-7709.jpg,train
Form,train/2045007011.jpg,train
Report,train/508032020_508032021.jpg,train
Form,test/2501422412.jpg,train
Report,test/505706456+-6459.jpg,train
Memo,train/504081353_504081354.jpg,train
News,train/50265293-5293.jpg,train
Letter,test/ton03017.04_ton03017.05.jpg,train
Scientific,train/50523644-3644.jpg,train
Email,train/2070163951.jpg,train
Letter,train/518533499+-3499.jpg,train
Form,train/2028847540.jpg,train
Resume,train/50529207-9208.jpg,train
Memo,train/89841477.jpg,train
Report,train/512687521+-7522.jpg,train
Email,train/2080325954a.jpg,train
News,train/91011904a.jpg,train
Memo,train/504660175+-0176.jpg,train
News,train/2083547815_7816.jpg,train
Email,train/2071862544b_2545.jpg,train
Letter,val/11007947.jpg,train
Letter,test/ti16321601.jpg,train
Memo,train/508146503+-6507.jpg,train
Email,train/2085246969.jpg,train
Form,train/502307556+-7559.jpg,train
Form,train/2086083943.jpg,train
Note,train/2025990305.jpg,train
Email,train/2702800465.jpg,train
Resume,test/50477507-7508.jpg,train
Memo,train/509696284+-6284.jpg,train
Memo,train/516465142_516465144.jpg,train
Memo,train/2065449140_9141.jpg,train
Email,train/2085124806a.jpg,train
Memo,train/2078755206.jpg,train
Memo,train/98754928.jpg,train
Memo,train/509244518.jpg,train
News,val/2023962145.jpg,train
Memo,train/2031263025.jpg,train
ADVE,train/04102204.jpg,train
Form,train/94548296.jpg,train
Email,train/2079180199.jpg,train
Note,train/2021387400_7401.jpg,train
Form,train/2505123320.jpg,train
Report,train/507838537_507838544.jpg,train
Letter,train/518617506+-7506.jpg,train
Email,train/2064850090a.jpg,train
Note,train/2041238248.jpg,train
ADVE,train/502593053.jpg,train
Report,train/2022162411_2022162414.jpg,train
Email,val/2078434728.jpg,train
Resume,test/50457000-7001.jpg,train
Report,train/2023105190.jpg,train
Email,train/2067683989.jpg,train
Memo,train/2022249818.jpg,train
Form,train/2030179917.jpg,train
Form,train/2045869672.jpg,train
Letter,train/520815209+-5209.jpg,train
Email,train/2070091787d.jpg,train
Letter,train/50737588-7588.jpg,train
Form,train/2031262894.jpg,train
Letter,train/11286228.jpg,train
Letter,train/524237789+-7789.jpg,train
Email,val/2078611775.jpg,train
Letter,train/501547796+-7797.jpg,train
Memo,train/512760291.jpg,train
Memo,train/81634973.jpg,train
Report,train/503445062_503445063.jpg,train
Letter,train/50129909-9909.jpg,train
Email,train/2064207315c.jpg,train
Memo,train/2041356925.jpg,train
Email,val/2085109849a.jpg,train
Email,train/2071594545b.jpg,train
Email,train/2081500243b.jpg,train
Email,train/2081179722a.jpg,train
Memo,train/2000621665.jpg,train
News,train/10032025.jpg,train
News,train/tob01701.23.jpg,train
Report,test/tnwl0000110_0112.jpg,train
Resume,train/50106572-6573.jpg,train
Resume,train/60016011_60016015.jpg,train
ADVE,train/1002761869.jpg,train
Report,train/2022172184.jpg,train
Report,train/87223926_87223927.jpg,train
Note,train/2041767269.jpg,train
Email,train/2085756034b.jpg,train
Memo,train/01390279.jpg,train
Letter,train/504033154+-3154.jpg,train
Report,train/505127415_505127418.jpg,train
Letter,train/11301944.jpg,train
Email,train/2071340730a.jpg,train
Form,train/2500146911.jpg,train
Letter,train/502450770_502450771.jpg,train
Report,train/509847620_509847621.jpg,train
Form,train/2063643759_3768.jpg,train
Note,train/2023682165.jpg,train
Note,val/2028837643.jpg,train
News,train/10029716.jpg,train
Note,test/2025325000.jpg,train
Memo,train/85418261.jpg,train
Memo,train/2044198652.jpg,train
Memo,train/505354097_505354098.jpg,train
Report,train/0001166781.jpg,train
Resume,val/CTRCONTRACTS021884-1.jpg,train
Memo,train/2074123192.jpg,train
Email,train/2084391010a.jpg,train
Report,train/509823077.jpg,train
Email,train/2078607866.jpg,train
Email,train/2072060377a.jpg,train
News,train/10030096.jpg,train
Form,train/514343422.jpg,train
Form,train/2030521082.jpg,train
Note,train/0000642640.jpg,train
News,train/2083779691.jpg,train
Memo,train/2024257952.jpg,train
News,train/2070897169.jpg,train
Report,train/500610469_500610475.jpg,train
Form,train/2086080713.jpg,train
Email,train/2083319500a.jpg,train
Report,train/520843662+-3668.jpg,train
Email,val/2083647284d_7285.jpg,train
Memo,train/2073883296.jpg,train
Report,train/13091906.jpg,train
Report,train/ti10691080_1083.jpg,train
Form,train/2030305774.jpg,train
Email,train/2078560147.jpg,train
Report,train/511188446+-8449.jpg,train
Email,train/2083618277a.jpg,train
Email,train/528796992+-6995.jpg,train
Resume,train/50630631-0632.jpg,train
Memo,train/1001850798.jpg,train
Letter,train/60022426.jpg,train
ADVE,train/2084426710_6711.jpg,train
Memo,train/1003194341_1003194342.jpg,train
Letter,train/50042965_50042966.jpg,train
Letter,train/50004413_50004414.jpg,train
Email,train/528954681+-4681.jpg,train
ADVE,train/509134160.jpg,train
ADVE,val/2061002005.jpg,train
Form,train/2070261623.jpg,train
Report,train/tob00112.50_tob00112.58.jpg,train
Form,train/2029087248.jpg,train
Report,train/2028704495.jpg,train
ADVE,train/71895703.jpg,train
Note,train/1003722129.jpg,train
Memo,train/2049298600_2049298603.jpg,train
Form,val/2020350100.jpg,train
Form,train/2077577525.jpg,train
Report,train/520516240+-6257.jpg,train
Form,train/2029194944.jpg,train
Form,train/2084434916_4917.jpg,train
Form,train/2050407409.jpg,train
News,train/2047128093_8094.jpg,train
Letter,train/50083690.jpg,train
Form,train/96334543_4546.jpg,train
Memo,train/501190520+-0520.jpg,train
News,train/81760888.jpg,train
Note,val/2080605718_5718a.jpg,train
Form,val/2073893026.jpg,train
Letter,train/11004530.jpg,train
Note,train/10093110.jpg,train
ADVE,train/85251705.jpg,train
Letter,train/522399399+-9399.jpg,train
Memo,train/0000237100.jpg,train
Email,train/527880321+-0321.jpg,train
Letter,train/60021014.jpg,train
Memo,train/513160165.jpg,train
Email,train/2083204707.jpg,train
Form,train/2063195729.jpg,train
Email,train/2085113097a.jpg,train
Email,train/2078874121.jpg,train
Form,train/2043134349.jpg,train
Letter,train/502298366+-8366.jpg,train
Report,train/tim00404.83_tim00404.84.jpg,train
Email,test/2072389709c.jpg,train
News,train/2046305055.jpg,train
ADVE,train/509139618+-9618.jpg,train
Note,train/2030353547.jpg,train
Scientific,train/50576426-6426.jpg,train
Memo,train/2082852748_2749.jpg,train
Form,train/515476087_515476089.jpg,train
Scientific,train/PUBLICATIONS011449-1.jpg,train
Note,train/2071226076.jpg,train
Letter,train/40017854-7854.jpg,train
Letter,train/50373820-3820.jpg,train
Letter,train/501152235_501152236.jpg,train
Scientific,test/50511224-1224.jpg,train
ADVE,train/514766071+-6072.jpg,train
Form,train/2076200495.jpg,train
Memo,val/1001854313.jpg,train
Memo,train/527799804+-9805.jpg,train
Form,val/515540185.jpg,train
Memo,train/00005729.jpg,train
Letter,train/674889.jpg,train
ADVE,train/503524860_503524863.jpg,train
Form,val/2051111934.jpg,train
Form,train/2045211256.jpg,train
ADVE,train/71178054.jpg,train
ADVE,train/517950663+-0671.jpg,train
Memo,train/98864336.jpg,train
Email,test/2070044942d.jpg,train
Email,train/2078336709.jpg,train
Letter,train/501476059.jpg,train
Scientific,train/50427824-7825.jpg,train
Email,train/2085802279b.jpg,train
Memo,train/2075008304.jpg,train
Scientific,train/50520506-0506.jpg,train
ADVE,test/2042029706.jpg,train
News,val/2065340065.jpg,train
Letter,train/513901494_513901500.jpg,train
Email,train/2078633079.jpg,train
Letter,test/tob03000.60.jpg,train
Email,train/2081766375.jpg,train
Memo,train/86002263.jpg,train
Email,train/2073812839.jpg,train
Report,train/2031426764.jpg,train
ADVE,train/1002763015.jpg,train
Email,train/2078876269.jpg,train
Letter,train/507419113.jpg,train
Email,test/2074731290a.jpg,train
Memo,train/93252933.jpg,train
News,train/1003044181.jpg,train
Report,train/514120277.jpg,train
Memo,train/2048305604.jpg,train
News,train/10030463.jpg,train
Report,train/506650717+-0718.jpg,train
Note,train/93443778.jpg,train
Form,train/2057065020.jpg,train
Letter,train/titx0320.20.jpg,train
Letter,val/511994948+-4948.jpg,train
Letter,train/94002714.jpg,train
Email,train/529216154+-6154.jpg,train
Email,train/2085177226a.jpg,train
Email,train/2085103737c.jpg,train
Report,train/506238235_506238236.jpg,train
Email,train/2078379610a.jpg,train
Letter,val/10430661.jpg,train
Memo,train/2042404241.jpg,train
ADVE,train/509136909+-6910.jpg,train
News,train/1003538199-a.jpg,train
Form,train/2028706323.jpg,train
Memo,val/1004865799_1004865800.jpg,train
Memo,train/2048124824_4825.jpg,train
Email,train/531607072+-7076.jpg,train
News,train/1003537661.jpg,train
Memo,val/2054643904.jpg,train
Email,train/2078454149.jpg,train
Report,train/508301539.jpg,train
News,train/2025500007.jpg,train
Letter,train/506014187.jpg,train
Form,train/2048316435.jpg,train
Email,train/2078629286.jpg,train
Email,test/528408504+-8504.jpg,train
Email,train/2085133627b.jpg,train
News,train/2074121288.jpg,train
Resume,train/50339930-9931.jpg,train
Letter,train/870648.jpg,train
Email,train/2081008405.jpg,train
Email,val/2078718342.jpg,train
Memo,train/2046538342.jpg,train
Report,train/500505654_500505665.jpg,train
Letter,train/511397696.jpg,train
Email,train/2085726478a.jpg,train
Form,train/2029021363.jpg,train
Form,test/2074131808.jpg,train
Letter,test/518519963+-9966.jpg,train
Letter,train/60009710.jpg,train
News,val/2073204566.jpg,train
Memo,train/514116293+-6293.jpg,train
Form,train/2062555598.jpg,train
Letter,train/50519386-9386.jpg,train
Memo,train/2054504061_2054504063.jpg,train
Email,train/530489046+-9046.jpg,train
Letter,val/ti16400391.jpg,train
Email,train/2071862965a.jpg,train
Resume,train/50429381-9382.jpg,train
Form,val/2505117113_7119.jpg,train
Memo,val/2044175001_2044175002.jpg,train
ADVE,test/2058502246.jpg,train
ADVE,test/502612183+-2183.jpg,train
Memo,train/505239182+-9182.jpg,train
Scientific,train/50701941-1941.jpg,train
Resume,train/50589377-9378.jpg,train
News,train/1005150648-a.jpg,train
Email,train/2073528906.jpg,train
Memo,test/01586188.jpg,train
News,train/1002402743a.jpg,train
Memo,train/2021548067.jpg,train
Report,val/515575465+-5466.jpg,train
Email,train/2077189218.jpg,train
Email,train/527929912+-9912.jpg,train
Scientific,train/50431906-1906.jpg,train
Form,train/2073231326.jpg,train
Form,val/2064399320.jpg,train
Report,train/519626567+-6574.jpg,train
Report,train/505375034_505375035.jpg,train
Memo,train/1005095578.jpg,train
Scientific,test/10064589_10064594.jpg,train
Memo,train/tob08906.50.jpg,train
Note,train/2029237593.jpg,train
Email,train/2085270849b.jpg,train
Scientific,train/500488902_500488905.jpg,train
Form,test/2072578611.jpg,train
Note,train/2029183905.jpg,train
Form,val/93158159.jpg,train
Letter,train/50006758.jpg,train
Letter,train/504115148.jpg,train
Memo,train/96018853_8858.jpg,train
Email,val/2078736964.jpg,train
Letter,train/50071348_50071349.jpg,train
Email,train/2078865373.jpg,train
Email,train/2076012709d_2710.jpg,train
Memo,train/506881197_506881198.jpg,train
Letter,train/511241254.jpg,train
Letter,train/11025683.jpg,train
Email,train/2078853416b_3418.jpg,train
Memo,train/0000043910.jpg,train
Memo,train/80317519_7522.jpg,train
Letter,train/516889156+-9156.jpg,train
Report,train/512481148_512481149.jpg,train
Report,val/0000958516.jpg,train
Memo,train/tob00500.02.jpg,train
Memo,train/509887153.jpg,train
Memo,train/0000474595.jpg,train
Email,val/528010701+-0701p.jpg,train
ADVE,test/509130720+-0721.jpg,train
Note,test/2031367558.jpg,train
Memo,train/501698636+-8636.jpg,train
Memo,test/1000300824.jpg,train
Email,train/2080150556b.jpg,train
Scientific,train/10322990_10322994.jpg,train
Memo,train/96018383.jpg,train
Report,train/2028840914.jpg,train
Memo,train/506873664.jpg,train
News,train/1003042513-b.jpg,train
Memo,train/508063247.jpg,train
ADVE,train/2040144258.jpg,train
Form,train/505852586_505852607.jpg,train
Memo,train/509559488.jpg,train
Letter,train/tob14232.72_tob14232.73.jpg,train
Email,train/2505591406.jpg,train
Letter,train/tob07201.29.jpg,train
Email,train/2072949212.jpg,train
Form,train/2505146266.jpg,train
Memo,train/03726299_03726300.jpg,train
Resume,val/50201456-1467.jpg,train
Memo,train/2051798475.jpg,train
Letter,val/13010826_13010827.jpg,train
Email,train/2085774142.jpg,train
Report,test/520693484+-3486.jpg,train
ADVE,train/2058501023.jpg,train
Email,val/2085726251a.jpg,train
Memo,train/2047934116.jpg,train
News,train/2054406337.jpg,train
Email,train/2080960195c.jpg,train
Email,val/2073624878.jpg,train
Memo,train/03523378.jpg,train
Memo,train/tob10601.37.jpg,train
Note,train/2067474399.jpg,train
Email,test/2072334938a.jpg,train
Note,val/91985231-a_91985231.jpg,train
ADVE,test/2049398699.jpg,train
Memo,train/91863222.jpg,train
Memo,train/512948144.jpg,train
Report,train/525291085+-1088.jpg,train
Resume,train/50559165-9166.jpg,train
Memo,train/507745286_507745288.jpg,train
Letter,train/60015669.jpg,train
Form,train/2057332433.jpg,train
Memo,train/0000262962.jpg,train
Scientific,train/50527980-7985.jpg,train
Email,train/2505169075.jpg,train
Memo,val/86264944_4947.jpg,train
Resume,train/50497931-7932.jpg,train
Form,train/2070465138.jpg,train
Email,train/2505141976.jpg,train
Memo,train/2505338622.jpg,train
News,train/2080736802.jpg,train
ADVE,train/502595869.jpg,train
News,train/2080721150_1153.jpg,train
News,train/1003044360-a.jpg,train
Form,test/83477011.jpg,train
Memo,train/2062304594.jpg,train
ADVE,train/505576130+-6130.jpg,train
Letter,train/500409797.jpg,train
Email,train/2714401005.jpg,train
News,train/2063832954.jpg,train
ADVE,train/502593762.jpg,train
Form,val/2030162652.jpg,train
News,train/2025028644.jpg,train
News,train/2046323306.jpg,train
Memo,val/1000767360.jpg,train
Note,train/85651109.jpg,train
Resume,train/50371016-1016.jpg,train
Form,train/2505151689.jpg,train
Report,train/509808805+-8811.jpg,train
News,train/11311025.jpg,train
Form,train/505726358_505726359.jpg,train
Email,train/2085782997a.jpg,train
Note,train/12963987.jpg,train
Memo,train/2023431005.jpg,train
Memo,train/1001809385_1001809386.jpg,train
Memo,train/2078802747_2748.jpg,train
Memo,val/85067598.jpg,train
Note,train/2062055279.jpg,train
Form,train/501915092.jpg,train
News,train/60007601.jpg,train
Email,val/2085697275a.jpg,train
Letter,train/ti14861233.jpg,train
ADVE,train/509137948+-7949.jpg,train
Email,test/81887335.jpg,train
Memo,val/00000725.jpg,train
Resume,test/50583715-3716.jpg,train
Memo,train/515034743+-4743.jpg,train
Resume,train/50308888-8889.jpg,train
News,test/2073415682.jpg,train
Report,train/501009080_501009119.jpg,train
ADVE,train/03496270.jpg,train
Letter,train/506913284.jpg,train
Email,train/2085103910d_3911.jpg,train
Letter,test/50014372.jpg,train
News,val/2025028981-e.jpg,train
Form,train/2029148409.jpg,train
Scientific,train/1003726646.jpg,train
Note,train/2073425843.jpg,train
Report,train/529293099+-3108.jpg,train
Resume,train/50546335-6336.jpg,train
Memo,train/506080143+-0149.jpg,train
Resume,train/50296092-6093.jpg,train
Letter,train/50500997-0997.jpg,train
Resume,val/50608376-8377.jpg,train
Resume,train/40005130-5131.jpg,train
Form,train/512982316.jpg,train
Email,train/2085123442.jpg,train
Letter,val/524945610+-5611.jpg,train
Memo,train/2051124321_2051124322.jpg,train
Note,train/88025179.jpg,train
Memo,train/85004412.jpg,train
News,train/2083790356.jpg,train
Note,val/2021204574.jpg,train
Memo,train/2043215175.jpg,train
Email,train/2083634674c.jpg,train
Memo,train/2072607314_7316.jpg,train
Email,train/529243252+-3252.jpg,train
Memo,train/2061639550.jpg,train
Memo,test/2060084593_2060084599.jpg,train
ADVE,train/1005116329_6330.jpg,train
Report,train/10167656.jpg,train
Resume,train/50422920-2921.jpg,train
Form,train/516742904+-2904.jpg,train
Email,train/2076958821a.jpg,train
News,train/2047577340.jpg,train
Letter,train/500187028.jpg,train
Resume,train/50386532-6533.jpg,train
Note,train/2048858141.jpg,train
Resume,train/50425154-5155.jpg,train
ADVE,train/2064932937.jpg,train
Memo,train/1001861874.jpg,train
Note,train/2044183733.jpg,train
Email,train/2085111504a.jpg,train
Report,train/512974158_512974160.jpg,train
Letter,train/ti06390634.jpg,train
Memo,train/2061654420.jpg,train
Letter,val/11291368.jpg,train
Memo,val/603677.jpg,train
Letter,test/60023115.jpg,train
Note,train/2050364687.jpg,train
Letter,train/600552.jpg,train
Email,train/2085126533a.jpg,train
Email,train/2067649639.jpg,train
Email,train/2083157156.jpg,train
Letter,train/tnwl0029158.jpg,train
Report,train/2073297651.jpg,train
Letter,train/tnwl0019853.jpg,train
News,train/2070422690.jpg,train
Letter,train/11287239_11287240.jpg,train
News,train/01752917.jpg,train
Note,train/50054229.jpg,train
Note,test/2065354661.jpg,train
News,train/2046288261.jpg,train
News,train/60000259.jpg,train
Email,train/2082110412.jpg,train
Form,train/2505104774.jpg,train
Resume,train/50491022-1023.jpg,train
Memo,test/2048309984.jpg,train
Memo,train/80722057_2058.jpg,train
News,train/2083790656.jpg,train
Letter,train/11013274_11013275.jpg,train
ADVE,train/517501237+-1237.jpg,train
Scientific,val/50691511-1515.jpg,train
Memo,train/2045482589_2590.jpg,train
ADVE,test/502611995a-1996.jpg,train
ADVE,train/2070262428_2429.jpg,train
Letter,train/518074129_518074130.jpg,train
Email,train/2085768458a.jpg,train
Note,test/03016504.jpg,train
Letter,train/50144521-4521.jpg,train
Scientific,test/50333481-3481.jpg,train
News,test/0000343395.jpg,train
News,train/2046562645.jpg,train
Note,train/2029130917.jpg,train
Email,val/2067665158.jpg,train
Memo,train/523170476+-0476.jpg,train
ADVE,train/517508300+-8301.jpg,train
Note,train/03662678.jpg,train
Form,val/2075461961.jpg,train
Email,train/2076406705.jpg,train
Letter,train/11010532.jpg,train
ADVE,train/514109075+-9076.jpg,train
News,test/2072552877.jpg,train
Email,train/2085116177c.jpg,train
Email,train/2084391536.jpg,train
Memo,train/2050258326.jpg,train
Form,train/2082387172.jpg,train
Scientific,train/50640162-0168.jpg,train
Email,train/2075558303.jpg,train
Resume,train/50538978-8979.jpg,train
Note,train/2060570691.jpg,train
Memo,train/528023553+-3553.jpg,train
News,train/87023168_3169.jpg,train
Memo,train/2061678550.jpg,train
Report,train/87125423_87125428.jpg,train
Email,train/2081501359a.jpg,train
Form,train/2061646797.jpg,train
News,train/0000023720.jpg,train
News,train/89268210.jpg,train
Email,train/2074848927.jpg,train
ADVE,train/502471549.jpg,train
Letter,train/11280472.jpg,train
Letter,train/50108151-8151.jpg,train
Memo,train/83594945_4946.jpg,train
Resume,train/50449946-9947.jpg,train
News,train/10030325.jpg,train
Memo,test/2072197186.jpg,train
Letter,train/10399765.jpg,train
Email,train/530760166+-0167.jpg,train
Memo,train/2070268662.jpg,train
ADVE,train/509134595+-4596.jpg,train
Letter,test/520527284+-7285.jpg,train
Email,train/2070046723a.jpg,train
Report,train/tim01047.91.jpg,train
Report,train/2028638180.jpg,train
Resume,val/50378394-8395.jpg,train
Form,train/2030138503.jpg,train
Note,val/2072821881.jpg,train
Email,train/2075247914.jpg,train
ADVE,train/502595294.jpg,train
Note,test/2026092254.jpg,train
News,train/2021174533_2021174534.jpg,train
Letter,val/514421927+-1927.jpg,train
Memo,train/89939582.jpg,train
Memo,train/2054524189.jpg,train
Email,train/2080265356.jpg,train
Memo,train/98419843.jpg,train
Memo,train/530919692+-9693.jpg,train
ADVE,train/91689217.jpg,train
Email,test/2085795423.jpg,train
Report,train/506297104_506297105.jpg,train
Memo,train/2061648199.jpg,train
Memo,train/91771720.jpg,train
Report,train/ti11512619_2624.jpg,train
Letter,train/521431153+-1153.jpg,train
Email,train/2505322245.jpg,train
Note,train/87927212.jpg,train
News,train/1003044520-b.jpg,train
Form,train/2063226195.jpg,train
Memo,train/95666861_6867.jpg,train
Note,train/2070159121.jpg,train
Email,train/2084288847c.jpg,train
Email,train/2505413292.jpg,train
News,train/2065594467.jpg,train
Memo,train/2071493775_3778.jpg,train
Email,test/2078801610c.jpg,train
Email,train/2084375937.jpg,train
Report,train/2061991348.jpg,train
Scientific,train/50590463-0469.jpg,train
Form,train/12650441.jpg,train
Note,val/2029160542.jpg,train
Memo,val/506193791+-3792.jpg,train
Letter,val/50673098-3098.jpg,train
Form,val/2084116356.jpg,train
Scientific,test/11051592_11051597.jpg,train
Scientific,train/50244030-4037.jpg,train
Note,train/2045207751.jpg,train
Letter,train/CTRSP-FILES027316-73.jpg,train
Memo,train/509104355+-4360.jpg,train
Email,train/530237627+-7627.jpg,train
Email,val/2072482454.jpg,train
ADVE,train/0030049569.jpg,train
Letter,train/505316432+-6432.jpg,train
News,train/2078115033.jpg,train
Form,train/2074684703.jpg,train
News,train/2080731994.jpg,train
Memo,train/0000408323.jpg,train
Memo,train/0000386602.jpg,train
Note,test/10106776.jpg,train
Email,train/2078802755a.jpg,train
Report,train/503165138.jpg,train
Form,train/2071268158.jpg,train
Email,train/2075317216b_7217.jpg,train
Resume,test/2023100295_2023100303.jpg,train
Report,train/509611113_509611115.jpg,train
Letter,val/504381073.jpg,train
Form,train/2028675690.jpg,train
Email,train/2076071228b.jpg,train
Letter,train/10432401.jpg,train
News,train/2072114951.jpg,train
Letter,train/500392757+-2757.jpg,train
Memo,train/519878148+-8149.jpg,train
Email,train/530979244+-9246.jpg,train
Memo,train/2063871560.jpg,train
News,test/1002402255-a.jpg,train
ADVE,train/509131202.jpg,train
News,val/2026167362.jpg,train
Note,train/2505475748.jpg,train
Memo,train/2065335800.jpg,train
Resume,val/50258985-8987.jpg,train
Report,train/506992129.jpg,train
Report,train/ti30749189_9190.jpg,train
Letter,train/11293403.jpg,train
Email,train/2071863841.jpg,train
Form,train/2030298543.jpg,train
News,train/2070109534_9535.jpg,train
ADVE,train/2084510807.jpg,train
Memo,train/85615141.jpg,train
Note,train/1004867378.jpg,train
ADVE,val/2041076526.jpg,train
News,test/0000940821.jpg,train
Letter,train/tob12322.82.jpg,train
News,train/2065214163.jpg,train
Email,train/2085273457_3464.jpg,train
Memo,train/2060133571.jpg,train
Email,train/2070106870a.jpg,train
Letter,train/10431489.jpg,train
Note,train/2085052974.jpg,train
Form,train/91376724_91376725.jpg,train
Letter,train/50462735-2735.jpg,train
News,test/2077070251.jpg,train
Email,train/2085289249.jpg,train
Email,train/530218757+-8757.jpg,train
Resume,val/85655567_85655583.jpg,train
Email,val/2081933672.jpg,train
Scientific,train/10410310_10410313.jpg,train
Email,train/2083318596a.jpg,train
Scientific,train/502497872_502497879.jpg,train
Letter,train/502050562.jpg,train
Letter,train/50046879.jpg,train
Email,val/2085110291d.jpg,train
Form,train/96055461_5464.jpg,train
Memo,train/0000296750.jpg,train
Memo,val/2051044337.jpg,train
Note,train/2021333139.jpg,train
Report,train/522040863+-0863.jpg,train
Scientific,train/10350601_10350605.jpg,train
Letter,train/11301143.jpg,train
Report,test/507828129_507828145.jpg,train
Form,train/2074448640.jpg,train
Form,train/2081459449.jpg,train
Memo,val/2047315478.jpg,train
Note,val/87732150.jpg,train
Letter,train/513232721_513232722.jpg,train
Letter,train/10230391.jpg,train
ADVE,train/2072281108.jpg,train
Email,train/2078787051a.jpg,train
Email,train/2080536914.jpg,train
News,train/2070051956.jpg,train
Report,train/507786984_507786991.jpg,train
Form,train/2502420605.jpg,train
Email,train/2078702965.jpg,train
Letter,train/510623450.jpg,train
Report,train/505869261_505869265.jpg,train
Report,train/505228919.jpg,train
Memo,train/2063435963.jpg,train
Memo,train/512245743_512245744.jpg,train
News,train/0011927386.jpg,train
Letter,train/508077193.jpg,train
Email,train/528678082+-8082.jpg,train
Report,train/2072962659.jpg,train
Email,train/2083648375a.jpg,train
Letter,train/50007953.jpg,train
Form,train/2083822795.jpg,train
ADVE,train/1002762773.jpg,train
Letter,train/512452246.jpg,train
Form,train/2029200575.jpg,train
Email,train/2078881416.jpg,train
ADVE,train/522934065+-4065.jpg,train
Email,train/2085798744.jpg,train
Email,train/2085109520c_9521.jpg,train
Note,train/03023805.jpg,train
Email,train/2083635605b.jpg,train
Email,train/2075285166b.jpg,train
Form,train/2029026039.jpg,train
Report,train/2028445606.jpg,train
ADVE,train/12779302.jpg,train
Form,train/2043460274-b.jpg,train
Email,test/2085696767b.jpg,train
Report,train/507523129+-3129.jpg,train
Email,train/2064213021d.jpg,train
Email,train/2085790906b.jpg,train
Email,train/2082057595.jpg,train
Email,train/2081961826a.jpg,train
Memo,train/512291680.jpg,train
Memo,train/13313809.jpg,train
Memo,train/507051676.jpg,train
Email,train/528416668+-6668.jpg,train
Form,train/2059729599.jpg,train
Email,train/2078718698c.jpg,train
Letter,train/2077871785_1786.jpg,train
Report,train/522868227+-8227.jpg,train
News,test/2025028443.jpg,train
Memo,train/88899010.jpg,train
Report,test/503983498.jpg,train
Memo,train/0000124690.jpg,train
Memo,train/505889574+-9575.jpg,train
News,train/10031350.jpg,train
Form,test/2043635355.jpg,train
Email,test/2085763719.jpg,train
Report,train/504330344_504330348.jpg,train
Memo,train/2060167949.jpg,train
Report,train/71225399.jpg,train
Email,test/2085135313a.jpg,train
Report,train/505515167_505515171.jpg,train
Memo,train/2043230492_2043230503.jpg,train
Email,train/2085574918a.jpg,train
Report,train/517155795+-5795.jpg,train
Form,train/2054599438.jpg,train
Memo,train/2054857059.jpg,train
Memo,train/tob07006.81.jpg,train
Email,train/528483841+-3842.jpg,train
Letter,train/tob17621.69.jpg,train
ADVE,train/tob08311.50.jpg,train
Note,train/10221596_10221597.jpg,train
Email,train/2075690818a.jpg,train
Email,train/530469306+-9307.jpg,train
Report,train/507181418_507181422.jpg,train
Letter,train/titx0417.71.jpg,train
Resume,test/50387716-7716.jpg,train
ADVE,train/2045081234.jpg,train
Letter,train/tnwl0028046.jpg,train
News,train/10030149.jpg,train
Form,val/523649974+-9974.jpg,train
Email,train/531635588+-5589.jpg,train
Scientific,train/50518907-8911.jpg,train
Email,train/2076857864.jpg,train
Email,train/528807943+-7949.jpg,train
Note,train/2023785616.jpg,train
Form,train/522038543+-8543.jpg,train
News,train/2501374290.jpg,train
Letter,train/50048797.jpg,train
Memo,test/502684440.jpg,train
Email,train/528029471+-9471.jpg,train
Report,test/506767138_506767143.jpg,train
Note,val/2062432446.jpg,train
Letter,train/50177282-7282.jpg,train
Form,train/2022909012.jpg,train
News,train/2001222207.jpg,train
Letter,train/516015914+-5914.jpg,train
Memo,train/01777521.jpg,train
Memo,train/87051325.jpg,train
News,train/1005151248.jpg,train
Email,train/2082058428.jpg,train
Letter,train/CTRSP-FILES026628-66.jpg,train
Email,train/528012479+-2479.jpg,train
Memo,train/92672244.jpg,train
Resume,val/50476159-6160.jpg,train
Letter,train/60016059.jpg,train
Letter,train/511111743+-1743.jpg,train
ADVE,train/509138972+-8972.jpg,train
Form,test/2065395481.jpg,train
Form,test/2037016100.jpg,train
Email,val/2070045276d.jpg,train
Resume,train/50357861-7862.jpg,train
Letter,train/50606546-6546.jpg,train
Email,train/2076179775b.jpg,train
Email,train/2083182848d.jpg,train
Resume,train/40010133-0134.jpg,train
Form,train/506342778.jpg,train
Letter,train/510112796+-2797.jpg,train
Email,train/2072341081d_1082.jpg,train
Scientific,test/50018640_50018651.jpg,train
Scientific,train/60163219_60163222.jpg,train
Form,train/2084372039.jpg,train
Form,train/514936770+-6770.jpg,train
Letter,train/10005191.jpg,train
Report,test/ton02204.35_ton02204.37.jpg,train
News,train/2072411039_1040.jpg,train
Email,test/2063075627.jpg,train
Email,val/530298970+-8976.jpg,train
Memo,train/04101854.jpg,train
Report,val/521513467+-3500.jpg,train
Memo,train/512015167+-5168.jpg,train
Email,train/2085724771a.jpg,train
Memo,test/2051117086.jpg,train
Letter,train/516737076+-7077.jpg,train
Email,train/2085125283a.jpg,train
Form,val/2074452495.jpg,train
News,train/2046585258.jpg,train
Email,train/528449937+-9938.jpg,train
Scientific,train/50455681-5681.jpg,train
Letter,train/506121204.jpg,train
Resume,train/50646644-6645.jpg,train
Report,train/516516589+-6590.jpg,train
Email,train/2072945297a.jpg,train
Memo,train/504361271_504361273.jpg,train
Email,train/2084030293.jpg,train
Email,train/2078424580.jpg,train
Email,train/2085782641.jpg,train
Email,train/2070045633c.jpg,train
Form,train/2075714490.jpg,train
Letter,train/518057258_518057259.jpg,train
Letter,train/50005450.jpg,train
ADVE,train/2061199558.jpg,train
Scientific,val/PUBLICATIONS035812-5.jpg,train
Email,train/531298458+-8472.jpg,train
Email,train/2085774571d.jpg,train
Scientific,train/40005199-5206.jpg,train
Note,test/2501658355.jpg,train
Email,train/527911602+-1602.jpg,train
Letter,train/50704129-4129.jpg,train
Email,train/2085029287.jpg,train
Report,train/24010243_24010244.jpg,train
Email,train/2082564294a.jpg,train
Letter,test/0055501936.jpg,train
Form,train/2058030605.jpg,train
Resume,train/50410607-0615.jpg,train
Scientific,val/50563292-3301.jpg,train
Letter,train/tcal0173460.jpg,train
Form,train/2074124922.jpg,train
Scientific,val/50526280-6282.jpg,train
Email,train/2071862304d_2305.jpg,train
Resume,train/50483835-3836.jpg,train
Memo,train/2051110023.jpg,train
Email,train/2070361099.jpg,train
Letter,val/504236557.jpg,train
Memo,train/ton00631.03_ton00631.05.jpg,train
Memo,train/516695861+-5861.jpg,train
Email,train/2072389522a_9523.jpg,train
Report,train/516052362+-2363.jpg,train
Report,train/2501124648.jpg,train
ADVE,train/2084396082.jpg,train
Form,train/2085598409.jpg,train
Letter,train/11014972.jpg,train
News,train/2064814764.jpg,train
Email,train/2085797595.jpg,train
Memo,test/2041102766.jpg,train
Email,train/2078851793.jpg,train
Memo,train/2071760875.jpg,train
Letter,train/10164982.jpg,train
Report,train/524485243+-5245.jpg,train
Report,train/525672323+-2324.jpg,train
Resume,train/50549883-9884.jpg,train
Letter,train/507360836+-0837.jpg,train
Memo,train/00137810_00137811.jpg,train
Resume,train/50549067-9068.jpg,train
Email,train/2070383449b_3450.jpg,train
Resume,train/50617225-7226.jpg,train
Letter,train/40044277-4277.jpg,train
News,val/01182899.jpg,train
News,test/2023269862.jpg,train
News,train/03747860.jpg,train
Report,val/505016658_505016663.jpg,train
Email,train/2067708396.jpg,train
Form,train/2073858629.jpg,train
News,train/2025635504.jpg,train
Note,train/2064984702.jpg,train
News,train/2025854306.jpg,train
Email,train/2081465234a.jpg,train
Note,train/2505334571.jpg,train
Note,train/2072654561.jpg,train
Form,train/2054530144.jpg,train
Report,train/2065411188.jpg,train
Form,test/2030119286.jpg,train
Memo,test/88142422.jpg,train
News,train/2074288832.jpg,train
Letter,train/50193176-3176.jpg,train
Resume,train/50239379-9380.jpg,train
Email,test/2505226958.jpg,train
ADVE,val/93422915.jpg,train
Note,train/2028826508.jpg,train
Email,val/2085786587a.jpg,train
Report,train/tob14515.92_tob14516.06.jpg,train
Note,train/501947737_501947738.jpg,train
Memo,train/506226060_506226061.jpg,train
Letter,train/ti17120611_0612.jpg,train
Scientific,train/60028272_60028299.jpg,train
Memo,train/2022254267.jpg,train
Email,train/2079118800a.jpg,train
Form,train/522249803+-9804.jpg,train
Resume,train/50294272-4272.jpg,train
Letter,train/50321901-1901.jpg,train
Memo,train/03654458_03654459.jpg,train
Form,test/2028877598.jpg,train
Scientific,train/50522863-2863.jpg,train
Memo,train/83664478.jpg,train
Letter,train/503242511.jpg,train
Note,train/2048150028.jpg,train
Form,train/2071133389.jpg,train
Form,test/2063196920.jpg,train
Email,val/2078617243.jpg,train
Resume,train/50535699-5699.jpg,train
Letter,val/50534026-4026.jpg,train
Email,train/2074977936.jpg,train
Report,train/503958547_503958548.jpg,train
Form,val/511107734.jpg,train
Letter,train/50375676-5676.jpg,train
Form,train/2076700502.jpg,train
Note,val/2029157407.jpg,train
Memo,train/515792806+-2806.jpg,train
Resume,train/50459853-9854.jpg,train
Memo,train/2051063550.jpg,train
Email,train/2085782239a.jpg,train
Letter,train/520865580+-5583.jpg,train
Email,test/2080441685b.jpg,train
ADVE,train/91656417.jpg,train
Report,train/519046949+-6954.jpg,train
Email,train/2074515234a.jpg,train
Email,train/2085134154c_4155.jpg,train
Letter,train/50034842_50034843.jpg,train
Email,train/2078802227c.jpg,train
Letter,train/508511388.jpg,train
Letter,train/50095371-5371.jpg,train
Email,train/2078626411.jpg,train
Memo,train/tob15809.19.jpg,train
Note,train/1003403894_1003403895.jpg,train
Email,test/2084325895.jpg,train
Letter,test/11302743.jpg,train
Form,train/2021653490.jpg,train
Memo,train/0000131535.jpg,train
Memo,val/500883632.jpg,train
Email,train/2085542332c.jpg,train
Form,train/2030146144.jpg,train
Letter,train/50585499-5499.jpg,train
Form,train/2505430275.jpg,train
Memo,train/506163412_506163415.jpg,train
Report,train/528896972+-6972.jpg,train
Email,val/2074589755b_9756.jpg,train
Email,val/2505170172.jpg,train
Memo,val/2074847095.jpg,train
Email,train/527966261+-6261.jpg,train
Email,train/2075711719.jpg,train
ADVE,train/503146051+-6051.jpg,train
Report,val/50118021-8021.jpg,train
Email,train/527844182+-4182.jpg,train
Email,test/2085116708.jpg,train
Letter,train/50067193.jpg,train
Email,train/2083319138c.jpg,train
Form,train/2084093390.jpg,train
News,val/2023272505.jpg,train
Resume,train/50721981-1982.jpg,train
Email,train/527948778+-8779.jpg,train
Form,train/2501953428_3429.jpg,train
News,test/0000162076.jpg,train
Form,train/2501584399.jpg,train
Letter,train/502406921_502406922.jpg,train
Email,train/2078467148.jpg,train
Letter,train/13149719.jpg,train
Note,train/2037023038.jpg,train
Memo,train/2050754031-a.jpg,train
Memo,val/91757213.jpg,train
Memo,train/04004176.jpg,train
ADVE,train/509132587+-2587.jpg,train
Email,train/2081565975c.jpg,train
Letter,train/50030592.jpg,train
Memo,train/2056706291.jpg,train
ADVE,train/2048509434.jpg,train
Form,train/2065060429.jpg,train
Letter,train/40015160-5160.jpg,train
News,train/2071692648.jpg,train
Letter,train/507995262.jpg,train
Form,train/2502293263.jpg,train
Form,train/94333601.jpg,train
ADVE,val/2070494554_4555.jpg,train
Email,train/2071862760a.jpg,train
Form,train/2030033040.jpg,train
Email,train/2085780454d.jpg,train
Resume,val/50650671-0672.jpg,train
Email,train/2085114496a.jpg,train
Letter,train/11279456_11279457.jpg,train
Memo,train/505081291+-1291.jpg,train
Email,train/528408427+-8427.jpg,train
Memo,train/2040759890.jpg,train
Email,val/2084029934a.jpg,train
Email,train/2085775606.jpg,train
Email,train/2085319449.jpg,train
ADVE,train/0000136188.jpg,train
Letter,train/513262199.jpg,train
Form,train/2051141303.jpg,train
Email,train/2084029834b.jpg,train
Form,val/2048566743.jpg,train
Report,train/50244186-4186.jpg,train
Form,train/2505406844.jpg,train
Memo,train/515682605.jpg,train
Email,train/2085791853c_1854.jpg,train
Form,train/2028832264.jpg,train
Memo,train/516628601+-8601.jpg,train
Report,val/504168509_504168510.jpg,train
Form,train/518622137+-2139.jpg,train
Email,train/527896358+-6358.jpg,train
Memo,train/2055649545.jpg,train
ADVE,train/2084513422.jpg,train
Report,train/ti13910019_0020.jpg,train
Memo,train/2051111206.jpg,train
Memo,test/2025887469.jpg,train
Memo,train/1003726944.jpg,train
ADVE,train/503950104.jpg,train
Note,train/2030323138.jpg,train
Note,train/2029204890.jpg,train
Resume,train/50616851-6852.jpg,train
Letter,train/50017430.jpg,train
Report,train/519363746+-3756.jpg,train
Form,train/2072444844_4847.jpg,train
Scientific,train/50648850-8850.jpg,train
Note,train/2074071502a.jpg,train
Letter,train/500320204.jpg,train
Report,val/500515948.jpg,train
Email,train/527804396+-4397.jpg,train
Email,test/2085272616a.jpg,train
Report,train/2025562502.jpg,train
Email,train/529316773+-6782.jpg,train
Report,train/2023457760.jpg,train
ADVE,train/521150302+-0302.jpg,train
Letter,test/501859325.jpg,train
ADVE,test/1005150029.jpg,train
News,train/2083774535.jpg,train
Form,test/95857211_7212.jpg,train
Scientific,train/50493985-3994.jpg,train
Resume,train/50649595-9596.jpg,train
Form,train/2064793499.jpg,train
Email,val/2085115503.jpg,train
Letter,train/511406901+-6901.jpg,train
Form,train/510934211+-4215.jpg,train
Email,train/2075057831a_7832.jpg,train
Letter,train/653346.jpg,train
Email,val/527970475+-0476.jpg,train
Letter,train/505828969.jpg,train
Report,train/509468162_509468163.jpg,train
Form,train/2075165787.jpg,train
Memo,train/521435346+-5346.jpg,train
Scientific,train/40024983-4986.jpg,train
Email,test/2078526278.jpg,train
Email,train/2072389090c.jpg,train
Email,train/2078307912.jpg,train
Letter,val/10403212.jpg,train
Email,train/2064213091c.jpg,train
Email,train/2085786967c.jpg,train
Letter,train/50382699-2699.jpg,train
Report,train/501263595_501263601.jpg,train
Report,train/2024437773.jpg,train
Memo,train/512289677+-9679.jpg,train
Report,train/10176813.jpg,train
Memo,train/513292964_513292967.jpg,train
ADVE,train/521151227+-1227.jpg,train
Email,train/2073428230a.jpg,train
Email,train/2080731955c.jpg,train
Scientific,train/50285926-5933.jpg,train
Email,train/2071346649d.jpg,train
Letter,train/501941108.jpg,train
Email,train/2085787493a.jpg,train
Report,train/504988903+-8904.jpg,train
Scientific,train/PUBLICATIONS026505-6.jpg,train
Email,train/528759181+-9183.jpg,train
Letter,test/ton04021.20.jpg,train
Report,train/504841352.jpg,train
Note,val/2012517041.jpg,train
Memo,train/512088115.jpg,train
Memo,train/2041837000_2041837001.jpg,train
Resume,train/50582484-2485.jpg,train
Form,train/2080114243.jpg,train
News,val/85644137.jpg,train
Form,train/99201310.jpg,train
Memo,train/98161549.jpg,train
Note,train/2072237168.jpg,train
Form,train/2030455607.jpg,train
Email,train/2074824190a_4191.jpg,train
Note,train/0000007194.jpg,train
News,val/2046468258.jpg,train
Letter,train/ti04111260_1261.jpg,train
Email,train/2085136611b.jpg,train
Form,train/517171219_517171220.jpg,train
Scientific,test/50637798-7798.jpg,train
Report,val/505968942.jpg,train
Memo,train/505278562.jpg,train
Letter,train/502056568.jpg,train
Note,train/2021500947.jpg,train
Form,val/514222260+-2260.jpg,train
Email,test/2081422072.jpg,train
Report,train/50255591-5591.jpg,train
Report,train/517574050+-4065.jpg,train
Scientific,train/10406749_10406751.jpg,train
Scientific,train/50399090-9099.jpg,train
Letter,train/11277226.jpg,train
Form,train/2074109036.jpg,train
Email,test/2078772581.jpg,train
Resume,train/50515916-5917.jpg,train
Email,test/2067314284_2067314285.jpg,train
Letter,test/tnwl0035736.jpg,train
Memo,train/96653443.jpg,train
News,test/2501047925.jpg,train
Email,train/2085788705.jpg,train
Form,train/2063850487.jpg,train
Letter,train/CTRCONTRACTS015206-5.jpg,train
News,train/1005037224-a.jpg,train
Letter,train/70015348-5349.jpg,train
Form,val/2501929589.jpg,train
Form,train/2082002843.jpg,train
Letter,train/506366336.jpg,train
Report,test/11004538.jpg,train
Report,train/2028626805.jpg,train
Note,test/2021614005.jpg,train
Report,test/503117428_503117430.jpg,train
Email,train/2078281731.jpg,train
News,test/1003099991.jpg,train
Form,train/2030164656.jpg,train
Memo,train/1001854931.jpg,train
Letter,train/50156846-6846.jpg,train
Form,train/509322176+-2176.jpg,train
Memo,train/1003120857.jpg,train
Letter,train/tob13613.26.jpg,train
Form,train/2040973918.jpg,train
Letter,val/50128017-8017.jpg,train
Letter,train/50320092-0092.jpg,train
Memo,train/2071386961.jpg,train
Form,train/12812692.jpg,train
Form,train/2028445341.jpg,train
Scientific,val/10083703_10083706.jpg,train
Report,train/500602493_500602494.jpg,train
Report,train/519792044+-2049.jpg,train
Email,train/2069753721_3722.jpg,train
Email,train/522873332+-3332.jpg,train
Form,train/505977150+-7161.jpg,train
Memo,train/2040929289.jpg,train
Letter,train/60015620.jpg,train
ADVE,train/2073487737.jpg,train
Scientific,train/40036154-6154.jpg,train
News,train/50288669-8669.jpg,train
Form,train/2074868357.jpg,train
Letter,train/tob10623.04.jpg,train
Memo,train/96222726.jpg,train
Form,test/2086086330.jpg,train
News,train/2044424416.jpg,train
Letter,train/50708841-8841.jpg,train
Form,train/94079800.jpg,train
Scientific,train/50729294-9294.jpg,train
Form,train/93117926_7928.jpg,train
Report,test/524257370+-7371.jpg,train
Email,val/528853599+-3600.jpg,train
Report,train/501866197+-6204.jpg,train
Report,train/2065372492_2495.jpg,train
Letter,test/11331272.jpg,train
Resume,val/50617273-7274.jpg,train
ADVE,test/2041089398.jpg,train
ADVE,val/2085043981.jpg,train
Report,train/511085054_511085060.jpg,train
Email,train/531313268+-3272.jpg,train
Note,train/1002465404.jpg,train
Letter,val/10390058.jpg,train
News,train/04303523-a.jpg,train
Form,train/2505371673.jpg,train
ADVE,train/503961738+-1738.jpg,train
Scientific,train/PUBLICATIONS016897-6.jpg,train
ADVE,train/92678691.jpg,train
ADVE,train/2071466317_6318.jpg,train
ADVE,train/92236848.jpg,train
Note,train/522629373+-9373.jpg,train
Report,test/2053475725.jpg,train
Email,train/2085135750d_5751.jpg,train
Memo,train/2044300004.jpg,train
Resume,train/50591446-1447.jpg,train
Form,test/99488529.jpg,train
Memo,train/2048240768_2048240769.jpg,train
Email,train/2085269729.jpg,train
Email,train/2067238739.jpg,train
Email,train/2085559043a.jpg,train
Resume,train/50267812-7820.jpg,train
Memo,train/91983999.jpg,train
Memo,test/2030471856.jpg,train
Report,train/2056712540.jpg,val
Email,train/2067311301_2067311302.jpg,val
Email,test/2083183167c_3168.jpg,val
Note,train/1000261527.jpg,val
Email,train/2085752507d.jpg,val
Form,test/2064200566.jpg,val
Form,train/2029221507.jpg,val
Letter,train/524569241+-9242.jpg,val
Resume,train/50607543-7544.jpg,val
News,train/10031395.jpg,val
Note,train/2028980117.jpg,val
News,train/01138186a.jpg,val
Resume,test/10036815_10036823.jpg,val
Letter,train/11290264.jpg,val
Letter,val/10424400.jpg,val
Resume,train/50489607-9608.jpg,val
Memo,train/2074110669.jpg,val
Scientific,train/CTRSP-FILES025157-51.jpg,val
Report,train/508270873_508270880.jpg,val
Report,train/506153379_506153380.jpg,val
Report,val/522843979+-3982.jpg,val
Form,train/2028834778_2028834779.jpg,val
Report,train/504262724_504262728.jpg,val
Letter,train/522612220+-2222.jpg,val
News,train/2070910722.jpg,val
Email,train/2085756613a.jpg,val
Email,train/2083648580a.jpg,val
Scientific,train/50351246-1246.jpg,val
Email,test/528436790+-6790.jpg,val
Email,test/2072568903a.jpg,val
Email,val/2074221587a.jpg,val
Scientific,train/50649664-9664.jpg,val
Letter,train/10235850.jpg,val
Report,train/tob06201.15_tob06201.19.jpg,val
ADVE,train/2083306564.jpg,val
Letter,train/tnjb0007854.jpg,val
ADVE,test/515127169_515127171.jpg,val
Report,train/506888300_506888301.jpg,val
Form,test/2046105083.jpg,val
Report,train/502853056+-3063.jpg,val
Email,train/2076803208.jpg,val
Memo,train/03551612.jpg,val
ADVE,train/514968966+-8967.jpg,val
Memo,train/2040358117.jpg,val
Memo,train/515360458.jpg,val
Memo,train/82782147.jpg,val
Letter,train/501871470.jpg,val
Email,train/2078879163a.jpg,val
Email,train/2071863734c.jpg,val
Email,train/2085270500a.jpg,val
Report,test/10080510.jpg,val
Letter,train/10377432.jpg,val
Email,train/2085121166.jpg,val
Email,train/528833979+-3980.jpg,val
Form,train/2042050255.jpg,val
Memo,train/2076900993.jpg,val
Memo,test/508161842.jpg,val
Email,test/2078376823a.jpg,val
Email,train/527840749+-0749.jpg,val
Form,train/2051243678.jpg,val
Form,test/00064657.jpg,val
Email,train/528051803+-1803.jpg,val
Report,train/89313371.jpg,val
Email,train/2085160699.jpg,val
Scientific,train/50367188-7194.jpg,val
Memo,train/0000488853.jpg,val
Memo,train/2045186816.jpg,val
Memo,train/2054964454.jpg,val
Memo,train/2054620205_2054620206.jpg,val
Memo,train/505454926h_505454926i.jpg,val
Resume,train/50538795-8796.jpg,val
ADVE,train/2070712842_2843.jpg,val
Email,val/2080109802c.jpg,val
Resume,train/50515818-5819.jpg,val
Email,train/2067374252.jpg,val
Form,test/2076060765.jpg,val
ADVE,train/71895027.jpg,val
Note,train/0000016248.jpg,val
Report,train/tob10829.35.jpg,val
ADVE,train/2040183521.jpg,val
Memo,train/04146448_6449.jpg,val
News,train/1003538042-c.jpg,val
Note,train/1003286334.jpg,val
News,val/2505370845.jpg,val
Memo,train/2051123179_2051123180.jpg,val
Email,train/2072313825b.jpg,val
Form,train/2030114328.jpg,val
Email,train/2078607589.jpg,val
Email,train/529232712+-2723.jpg,val
News,train/2023266800.jpg,val
Report,train/507995082_507995083.jpg,val
Letter,train/ti15732103.jpg,val
Resume,train/0000153377.jpg,val
Note,train/2063710424.jpg,val
Letter,train/10032894.jpg,val
Memo,train/0000264417.jpg,val
Memo,train/0000936338.jpg,val
Email,train/527852044+-2044.jpg,val
Letter,test/ti03840086_0087.jpg,val
Letter,test/502349926i-9926j.jpg,val
Email,train/2085114044b_4045.jpg,val
Email,train/2076956842a.jpg,val
Email,train/2084289084b.jpg,val
Email,train/2070361546a.jpg,val
Form,train/2054647558.jpg,val
Memo,train/2070135879.jpg,val
ADVE,val/86122854.jpg,val
Memo,train/0000135087.jpg,val
Form,train/2028880483.jpg,val
Memo,test/01247680.jpg,val
Memo,train/2073932597.jpg,val
Form,train/2085601691.jpg,val
Memo,train/0000328495.jpg,val
Email,val/2083634169.jpg,val
Letter,train/50467771-7771.jpg,val
Resume,test/50653196-3196.jpg,val
ADVE,train/2061003642.jpg,val
Scientific,train/2501387695.jpg,val
Memo,train/2070416152.jpg,val
ADVE,test/93332074_2082.jpg,val
Note,train/2501639006.jpg,val
Scientific,test/50380095-0099.jpg,val
News,train/2085568558.jpg,val
Email,train/2078565900.jpg,val
Letter,train/60010441.jpg,val
Email,train/2078339485c_9486.jpg,val
Memo,train/2025875649.jpg,val
Form,train/2030140207.jpg,val
Letter,train/50739956-9956.jpg,val
Email,test/2077615469c.jpg,val
News,train/2040565275.jpg,val
Memo,train/506079937.jpg,val
Letter,val/504009806.jpg,val
Memo,train/2057612157.jpg,val
Resume,train/50487659-7660.jpg,val
Resume,train/50371713-1714.jpg,val
Note,train/2067623583.jpg,val
Letter,train/50166929-6929.jpg,val
Letter,train/50133805-3805.jpg,val
Resume,train/60037207_60037209.jpg,val
Memo,train/93208121.jpg,val
Report,train/11239042_11239045.jpg,val
Letter,val/713402.jpg,val
News,test/92859262.jpg,val
Memo,train/505815955_505815972.jpg,val
ADVE,train/502472939.jpg,val
Email,val/2505398309c.jpg,val
Memo,train/518451410.jpg,val
News,train/03754144-b.jpg,val
Form,train/2071235594_5595.jpg,val
Report,train/tob11819.95_tob11819.96.jpg,val
Memo,val/82252355_2356.jpg,val
Memo,train/2081932182.jpg,val
Note,train/2064803045.jpg,val
Memo,train/0000015571.jpg,val
Letter,train/656421.jpg,val
Form,train/2056599150.jpg,val
Letter,train/518500076+-0077.jpg,val
Letter,train/50052281.jpg,val
Note,train/60019614.jpg,val
Memo,train/505449159_505449162.jpg,val
Form,train/516742597+-2599.jpg,val
Form,train/2057347105.jpg,val
Letter,train/ton00908.15.jpg,val
News,train/ti13540621_0622.jpg,val
Letter,train/50025487.jpg,val
Email,train/2085136346b.jpg,val
Memo,train/1331806.jpg,val
Memo,test/2040324939.jpg,val
Memo,train/2021266006.jpg,val
Email,train/2070998233a.jpg,val
Note,train/2029157248.jpg,val
News,train/89685528.jpg,val
Letter,train/509793995_509793996.jpg,val
Letter,train/506010719.jpg,val
Report,val/506875666_506875672.jpg,val
Letter,train/518241192+-1192.jpg,val
Letter,val/CTRSP-FILES026390-63.jpg,val
Form,train/71375081.jpg,val
Email,train/2085761260b.jpg,val
Form,train/2061643226.jpg,val
Note,train/2030105137.jpg,val
Report,train/514217348+-7349.jpg,val
News,test/2071778497.jpg,val
Letter,val/510700728.jpg,val
Form,train/2505168428_8429.jpg,val
Note,train/2073414412.jpg,val
News,train/2074404560.jpg,val
Letter,train/00000831.jpg,val
Letter,train/timo0003651_3652.jpg,val
Letter,train/522305211+-5211.jpg,val
Letter,train/502393490+-3490.jpg,val
Report,test/tob07526.89.jpg,val
Email,test/2077620852b.jpg,val
Memo,train/0000065944.jpg,val
Note,train/1005111374.jpg,val
Form,train/2063305015_5016.jpg,val
Form,val/2071286336.jpg,val
Email,val/527901046+-1046.jpg,val
ADVE,train/2045573975.jpg,val
Email,train/2076342380b.jpg,val
Letter,train/508847380.jpg,val
Form,train/2051110243.jpg,val
Letter,train/50554660-4660.jpg,val
Email,train/527890842+-0842.jpg,val
Report,val/512697956_512697958.jpg,val
Email,train/2078386156b.jpg,val
Report,train/504463629_504463631.jpg,val
Memo,train/523186064+-6066.jpg,val
Memo,train/89096277_6278.jpg,val
Note,train/2078067768.jpg,val
Report,train/507320874+-0882.jpg,val
Resume,train/50690163-0164.jpg,val
Email,train/2085696947f_6948.jpg,val
Form,train/2030734306.jpg,val
Memo,train/0000347162.jpg,val
Report,train/500195739_500195747.jpg,val
Memo,train/2057702349.jpg,val
Form,val/2083849128.jpg,val
Note,train/80191212_80191213.jpg,val
Scientific,train/70105930-5937.jpg,val
Letter,train/50073615.jpg,val
Letter,train/11318657.jpg,val
Report,test/2055054537.jpg,val
Email,train/2078880328b.jpg,val
Note,train/2025319413.jpg,val
Report,train/506252257_506252258.jpg,val
Email,train/2085125038c.jpg,val
ADVE,val/2023738160.jpg,val
Email,train/528749429+-9430.jpg,val
Email,train/2085121643c_1644.jpg,val
Memo,train/505499053_505499060.jpg,val
Email,train/2084125478a.jpg,val
News,val/0000334176.jpg,val
Email,train/2078748816a.jpg,val
News,train/10226460.jpg,val
Report,train/513966426+-6429.jpg,val
Email,train/2085776551.jpg,val
Report,train/505983529_505983530.jpg,val
Email,train/527795578+-5578.jpg,val
Letter,train/60008309.jpg,val
Report,train/50258031-8032.jpg,val
Memo,train/tnwl0049688_9693.jpg,val
Form,train/2030566380.jpg,val
Form,train/2024959488.jpg,val
Report,train/2074406815.jpg,val
Memo,train/titx0100.29.jpg,val
Note,train/2072489111.jpg,val
Letter,train/CTRCONTRACTS009745-9.jpg,val
Memo,val/2049461223.jpg,val
Email,val/2078705877_5880.jpg,val
Email,test/2084390753b.jpg,val
News,train/80307630a.jpg,val
Report,train/503428622.jpg,val
Letter,train/586670.jpg,val
News,train/2077315759.jpg,val
Memo,train/1001767165.jpg,val
Note,test/2051800478.jpg,val
Email,train/2085123878b.jpg,val
Form,test/524303800+-3805.jpg,val
Letter,train/tob07507.45.jpg,val
Note,train/2028589254.jpg,val
Letter,test/500784993+-4993.jpg,val
Form,train/508851993+-1993.jpg,val
Memo,train/2048714647.jpg,val
ADVE,val/96324864.jpg,val
Letter,test/502429559_502429560.jpg,val
Form,train/2023636688.jpg,val
Memo,train/2030062998.jpg,val
Form,test/513839179.jpg,val
Email,train/2082369729.jpg,val
Form,train/2085673496.jpg,val
Email,val/2081500121b.jpg,val
Scientific,train/PUBLICATIONS058430-8.jpg,val
Resume,train/10150247_10150256.jpg,val
Form,train/2031536228.jpg,val
Report,train/515242497_515242498.jpg,val
ADVE,val/2045630056.jpg,val
Memo,train/2056133713_2056133715.jpg,val
Note,train/2045518260.jpg,val
Memo,train/518036678+-6680.jpg,val
News,train/2047564059.jpg,val
Scientific,train/PUBLICATIONS003667-3.jpg,val
Letter,train/10162340_10162342.jpg,val
Report,train/2074893796_3801.jpg,val
Letter,train/520546820+-6823.jpg,val
Letter,test/515809872_515809874.jpg,val
Email,train/531678159+-8159.jpg,val
Email,train/2084055453b.jpg,val
Form,train/93495597.jpg,val
Form,train/2501858707.jpg,val
News,train/2025028269.jpg,val
Email,val/2083635833c.jpg,val
Memo,train/0000146942.jpg,val
Scientific,train/50594477-4477.jpg,val
Memo,train/510336889.jpg,val
Email,train/2073789018b.jpg,val
News,train/85650285.jpg,val
Email,train/2085753145a.jpg,val
Email,train/2505508423.jpg,val
Memo,test/11766882.jpg,val
Memo,train/1003635090.jpg,val
Form,val/2030584391.jpg,val
Form,train/2505103752.jpg,val
Email,train/2077377563.jpg,val
ADVE,train/2501030007.jpg,val
Email,train/2072948072a.jpg,val
Email,train/2078796699a.jpg,val
Letter,train/ti16310640.jpg,val
Scientific,train/50574463-4475.jpg,val
Form,train/2054944258.jpg,val
Memo,train/517591807+-1809.jpg,val
Memo,test/2047921425.jpg,val
Memo,val/2051115864.jpg,val
Resume,train/50510506-0507.jpg,val
Report,test/60013476.jpg,val
ADVE,train/04106546.jpg,val
Email,val/2085135535b.jpg,val
Email,train/2505232397a.jpg,val
Email,train/2083647688d.jpg,val
Memo,train/89286069.jpg,val
Memo,test/2076110608a.jpg,val
Note,train/2074784438.jpg,val
Resume,val/50453779-3780.jpg,val
Note,train/2075567953.jpg,val
Memo,train/2073453930.jpg,val
Report,train/506176307_506176326.jpg,val
Form,train/2500062018.jpg,val
Email,train/2078463387.jpg,val
Scientific,train/587167.jpg,val
Email,test/2078337799.jpg,val
Email,train/2085792209c.jpg,val
Report,train/507367473e_507367473f.jpg,val
Letter,train/10392535.jpg,val
ADVE,train/503960838.jpg,val
Form,train/2064952856.jpg,val
ADVE,train/500713757_500713758.jpg,val
News,train/2078115137.jpg,val
Form,train/2030599494.jpg,val
Email,val/2085122028a.jpg,val
Memo,train/87800043_87800056.jpg,val
Memo,train/82088755_8759.jpg,val
Email,train/530281906+-1906.jpg,val
Letter,train/50163650-3650.jpg,val
Report,train/505136134_505136135.jpg,val
Form,val/2075323266.jpg,val
Letter,train/508046753.jpg,val
ADVE,train/503782317.jpg,val
Memo,val/03683731.jpg,val
News,train/1003542938.jpg,val
Memo,train/518623059+-3062.jpg,val
Resume,train/50271743-1746.jpg,val
Memo,val/2056550084_2056550086.jpg,val
Email,train/2085779941.jpg,val
ADVE,train/502613661a-3662.jpg,val
ADVE,val/2067540350_2067540352.jpg,val
News,train/1003044581-a.jpg,val
Letter,test/11223019.jpg,val
Report,train/507676370+-6377.jpg,val
Form,train/2084061184.jpg,val
Letter,train/520709850+-9850.jpg,val
Resume,train/50525533-5540.jpg,val
ADVE,train/71374678.jpg,val
ADVE,train/2071388237.jpg,val
Resume,train/40035380-5380.jpg,val
Resume,test/50421027-1027.jpg,val
Form,train/2041773225.jpg,val
News,train/10030834.jpg,val
Letter,test/50218257-8257.jpg,val
Letter,train/tob16529.92.jpg,val
Memo,train/89002796.jpg,val
Report,train/515867026_515867029.jpg,val
Email,val/2078700602c.jpg,val
ADVE,train/502610513+-0516.jpg,val
Memo,test/86265143.jpg,val
News,train/2080714838.jpg,val
ADVE,train/2084425560_5561.jpg,val
Note,train/2030053173.jpg,val
Email,val/528624468+-4468.jpg,val
Email,train/2081980036a.jpg,val
Note,train/2073440248.jpg,val
Email,test/2083292221.jpg,val
Report,train/81302811.jpg,val
Email,train/2082063281b.jpg,val
Memo,train/0000045457.jpg,val
Letter,train/50330646-0646.jpg,val
Form,test/2064800936.jpg,val
Email,train/2082102932.jpg,val
Memo,val/2073114345.jpg,val
Memo,train/520140971+-0972.jpg,val
Email,train/2085753598a.jpg,val
News,train/1004859787.jpg,val
Letter,train/500522645.jpg,val
Email,test/527993750+-3750.jpg,val
Email,train/2085136133c.jpg,val
Email,val/2071977534a.jpg,val
Report,train/ti10310980_0982.jpg,val
ADVE,train/89872610.jpg,val
Memo,train/93164272_93164273.jpg,val
Form,train/520940677+-0677.jpg,val
ADVE,train/502599068.jpg,val
Note,test/10058361_10058364.jpg,val
ADVE,train/0030048095.jpg,val
News,train/2025684835.jpg,val
Letter,val/60013409.jpg,val
Email,train/527974846+-4846.jpg,val
ADVE,train/509131306+-1306.jpg,val
Memo,train/507007456.jpg,val
Scientific,train/50553126-3126.jpg,val
Email,test/2077816903.jpg,val
Form,test/2505130836.jpg,val
ADVE,val/502218620.jpg,test
Email,train/2078209429a.jpg,test
Report,val/2051025161.jpg,test
Memo,train/2044801453.jpg,test
Letter,train/50151938-1938.jpg,test
Email,train/2076807350.jpg,test
Memo,val/2072956847.jpg,test
Report,train/513904111+-4118.jpg,test
News,train/2015036663.jpg,test
Letter,train/521479934+-9934.jpg,test
Email,train/2070045922a.jpg,test
ADVE,train/2084420704.jpg,test
Report,val/tob09000.76.jpg,test
Report,train/500877285_500877288.jpg,test
ADVE,train/2047920303.jpg,test
Resume,train/50570560-0563.jpg,test
Scientific,val/CTRSP-FILES012488-25.jpg,test
Memo,test/515766856+-6858.jpg,test
Note,train/2078349619.jpg,test
Letter,val/ti16860527_0528.jpg,test
Memo,train/2078250319.jpg,test
Memo,test/2042813526_2042813527.jpg,test
Email,train/2085785523.jpg,test
Email,train/2064207054c.jpg,test
Report,train/517133786.jpg,test
Memo,train/2022164378.jpg,test
Memo,train/0000628923.jpg,test
Form,train/2064500077.jpg,test
ADVE,train/04412344.jpg,test
Memo,val/11005495.jpg,test
Email,train/528859565+-9566.jpg,test
Memo,train/dun00608.51_dun00608.52.jpg,test
ADVE,train/2070717402_7403.jpg,test
Email,train/2083648195a.jpg,test
News,train/2071991216.jpg,test
News,train/2085577788.jpg,test
Letter,train/50224756-4756.jpg,test
News,train/85865251.jpg,test
Scientific,train/10054448_10054450.jpg,test
Memo,val/81331173_81331174.jpg,test
Email,test/2080116567a.jpg,test
Form,train/2051117046_7049.jpg,test
News,train/98065867.jpg,test
Letter,train/514839018+-9019.jpg,test
ADVE,train/500161305.jpg,test
ADVE,train/99342431_2432.jpg,test
News,train/0000644359.jpg,test
Email,train/2079132129.jpg,test
Email,val/2078854139.jpg,test
Form,train/2505203747.jpg,test
Note,train/2074231764.jpg,test
Letter,train/507966367+-6367.jpg,test
News,val/2083780285.jpg,test
Letter,train/50404285-4285.jpg,test
Email,train/522871570+-1570.jpg,test
Scientific,train/50592285-2292.jpg,test
Form,train/92662989.jpg,test
Form,train/507432558.jpg,test
Report,train/507240573_507240574.jpg,test
Report,train/87150355.jpg,test
Form,train/2501329716-a.jpg,test
Letter,val/50572661-2661.jpg,test
Scientific,train/40050529-0536.jpg,test
Email,train/2075733578.jpg,test
ADVE,train/502597344.jpg,test
Email,train/2085781094b.jpg,test
Email,test/2081409793.jpg,test
Letter,train/11285202.jpg,test
Letter,train/50101792-1792.jpg,test
Email,train/2081520879a.jpg,test
Note,train/0000002770.jpg,test
Email,test/2083318854a.jpg,test
Note,train/2076140545.jpg,test
Email,train/2078868519.jpg,test
Form,train/95861023_1025.jpg,test
Memo,train/515121473+-1475.jpg,test
Report,train/2056445938_5940.jpg,test
Memo,train/505876423.jpg,test
News,train/04328080.jpg,test
Note,test/2021327414_7415.jpg,test
Memo,val/2075067412.jpg,test
Resume,train/50557910-7911.jpg,test
Memo,train/1349980.jpg,test
Letter,test/508500970.jpg,test
Scientific,train/50578125-8138.jpg,test
Email,train/2074678024a.jpg,test
Memo,train/87718409.jpg,test
Resume,train/12304582.jpg,test
Note,train/2026205216.jpg,test
Report,train/2026209134.jpg,test
Report,test/511988428_511988437.jpg,test
Letter,train/60018901.jpg,test
Report,train/506521794_506521796.jpg,test
Resume,train/50264605-4625.jpg,test
News,test/10029418.jpg,test
Memo,train/86235667_5668.jpg,test
Form,train/518095301.jpg,test
Letter,train/13003851.jpg,test
Email,val/2078873797.jpg,test
Email,train/2079131244.jpg,test
Form,test/2040772930.jpg,test
Note,train/91783075.jpg,test
Email,train/2079066936.jpg,test
Report,train/tob01615.44_tob01615.45.jpg,test
Form,test/521702221+-2222.jpg,test
Note,val/2071722490.jpg,test
Memo,val/2051064987.jpg,test
Letter,train/518288917+-8918.jpg,test
Report,train/524363056+-3063.jpg,test
ADVE,train/502141224.jpg,test
ADVE,train/1002761668.jpg,test
Memo,train/89282835.jpg,test
Note,test/2084568423.jpg,test
Email,train/2083647487b.jpg,test
Scientific,train/10356461_10356469.jpg,test
Letter,train/ti16570359.jpg,test
Email,train/516028154+-8154.jpg,test
Report,train/518039321.jpg,test
Email,test/2085316049.jpg,test
Memo,train/2000621910.jpg,test
Letter,val/500976067.jpg,test
Letter,train/727296.jpg,test
Scientific,train/50478349-8349.jpg,test
Form,train/2084614365_4366.jpg,test
Letter,train/518491302+-1309.jpg,test
Report,val/82919105.jpg,test
Report,train/511421807.jpg,test
Report,test/507778811_507778812.jpg,test
Letter,train/ton01402.63_ton01402.65.jpg,test
Email,val/527834557+-4557.jpg,test
Email,train/2080257713.jpg,test
Form,val/508871780+-1783.jpg,test
News,train/2072097814_7815.jpg,test
Memo,train/2083776812.jpg,test
News,train/1003043256-a.jpg,test
Email,train/81841302.jpg,test
Note,train/2059196199.jpg,test
Form,train/2063575884.jpg,test
Memo,train/98341362.jpg,test
Resume,train/50426112-6114.jpg,test
Form,train/2029001293.jpg,test
Scientific,train/40033964-3964.jpg,test
News,train/2073582086.jpg,test
Email,train/528373026+-3027.jpg,test
Scientific,train/2078582262_2285.jpg,test
Memo,train/24008317.jpg,test
Letter,train/513206214_513206217.jpg,test
Letter,train/500041544.jpg,test
Email,train/2064936813.jpg,test
Letter,train/11288120.jpg,test
Form,train/520754836+-4838.jpg,test
ADVE,val/92086756.jpg,test
Email,train/2071863289a.jpg,test
Form,train/2026379208.jpg,test
Email,train/527904737+-4737.jpg,test
Report,train/89313238.jpg,test
Resume,val/50536499-6500.jpg,test
Memo,train/04366602_04366604.jpg,test
Memo,test/2073420633.jpg,test
Form,train/2022909404.jpg,test
Letter,train/50436174-6174.jpg,test
Memo,train/2048228137.jpg,test
News,train/2051807163.jpg,test
News,test/2501053670.jpg,test
Letter,train/506063133_506063136.jpg,test
Form,test/1002402133.jpg,test
Scientific,train/50541753-1762.jpg,test
Form,train/2054480200.jpg,test
ADVE,train/92221516_1518.jpg,test
Resume,train/50513847-3848.jpg,test
ADVE,train/94054618.jpg,test
Report,val/2028873122.jpg,test
Note,val/70057287-7287.jpg,test
Letter,train/518424618+-4618.jpg,test
Memo,train/0000118560.jpg,test
Form,val/2051309337.jpg,test
Letter,train/508232590.jpg,test
Letter,test/510017822.jpg,test
Report,val/501713950_501713953.jpg,test
Resume,train/50441969-1970.jpg,test
Form,train/2076160631.jpg,test
Note,train/2023162754.jpg,test
Email,train/2075311121.jpg,test
Note,train/2030545825.jpg,test
Report,train/523365592+-5592.jpg,test
ADVE,train/500248654+-8654.jpg,test
Memo,train/83644858.jpg,test
Report,train/506023805_506023808.jpg,test
Letter,val/60018214.jpg,test
News,test/2046593592.jpg,test
Letter,test/11016728.jpg,test
Email,train/2080185536.jpg,test
Memo,train/89209498_9500.jpg,test
Memo,test/2012580836.jpg,test
Email,train/530489831+-9834.jpg,test
Report,train/2025492721_2738.jpg,test
Resume,train/50719747-9748.jpg,test
Memo,train/tob13820.34.jpg,test
Form,train/2505106228.jpg,test
Memo,train/2073497485_7486.jpg,test
Memo,train/ti04960317.jpg,test
Email,train/2073761095a.jpg,test
News,train/2073724138.jpg,test
Resume,train/50602320-2321.jpg,test
Letter,train/501498016+-8018.jpg,test
Form,train/2043472071.jpg,test
Report,val/tob09314.17.jpg,test
Memo,val/94011032_94011033.jpg,test
Email,train/2074602877.jpg,test
Letter,train/518630372+-0375.jpg,test
Report,val/504164620_504164624.jpg,test
Form,val/91974564.jpg,test
Resume,train/11300115-0116.jpg,test
Note,train/03016778.jpg,test
Email,train/2078312584.jpg,test
Report,val/500272469+-2470.jpg,test
Form,val/2051118520.jpg,test
Email,train/2085725088c.jpg,test
Letter,train/10426975.jpg,test
Memo,train/2046000414_2046000415.jpg,test
Resume,val/50593387-3387.jpg,test
Form,train/2043491170.jpg,test
Letter,train/ti31110620.jpg,test
ADVE,test/2040697247.jpg,test
ADVE,train/2070715949_5950.jpg,test
Email,train/2085134480.jpg,test
Memo,val/518654143_518654144.jpg,test
ADVE,val/99332057_2058.jpg,test
Note,train/2025441799.jpg,test
Memo,train/2049308509.jpg,test
Report,train/505856025_505856027.jpg,test
Form,train/2028706067.jpg,test
Memo,train/91377755_91377757.jpg,test
Email,train/2072787482.jpg,test
Letter,test/70013040-3040.jpg,test
News,train/2083784934.jpg,test
Letter,train/524413197+-3197.jpg,test
Letter,train/503500305_503500306.jpg,test
Letter,test/10429748.jpg,test
Form,train/2028677197.jpg,test
Scientific,train/PUBLICATIONS007431-7.jpg,test
Note,train/2023104578.jpg,test
Report,train/ti06071122_1124.jpg,test
News,train/10030014.jpg,test
Resume,train/10087799_10087801.jpg,test
ADVE,train/2084396927.jpg,test
Email,train/2078340010b.jpg,test
Letter,train/50661869-1869.jpg,test
Email,train/2075569307.jpg,test
Email,train/529222042+-2043.jpg,test
Memo,train/503584077.jpg,test
Email,train/2085272008a.jpg,test
Memo,train/2022923966.jpg,test
Resume,train/50444074-4074.jpg,test
Email,val/2085770392c_0393.jpg,test
Email,test/2079175162.jpg,test
Memo,train/60438302.jpg,test
Email,train/2078791240b.jpg,test
Email,val/2082023149.jpg,test
ADVE,train/2045731638.jpg,test
Email,train/528017710+-7711.jpg,test
Letter,train/50153588-3588.jpg,test
Email,val/530886918+-6923.jpg,test
Scientific,train/PUBLICATIONS040939-0.jpg,test
Form,train/2041774106.jpg,test
Email,train/2085777318.jpg,test
ADVE,test/502219477.jpg,test
Scientific,val/10023383_10023387.jpg,test
Email,train/2085697517.jpg,test
Email,train/2084031123b.jpg,test
Letter,train/tcal0447628.jpg,test
Form,train/2029196130.jpg,test
Note,train/2056172318.jpg,test
Memo,train/2000485447.jpg,test
Email,train/2072389400b.jpg,test
Note,train/2030020255.jpg,test
Report,train/505830872+-0875.jpg,test
Memo,train/03335936.jpg,test
News,val/1003042516-b.jpg,test
Form,train/2073087305.jpg,test
Scientific,train/10186148_10186155.jpg,test
Resume,train/50463741-3741.jpg,test
Memo,test/511023955.jpg,test
Email,train/2084391171.jpg,test
Report,train/503283292+-3292.jpg,test
Form,train/2067560112.jpg,test
Email,val/2078305770.jpg,test
Email,train/527928243+-8244.jpg,test
Note,train/12882100.jpg,test
Memo,test/506028258.jpg,test
Memo,train/2054767991_7992.jpg,test
Letter,train/11001828_11001829.jpg,test
Email,train/2505944249.jpg,test
Letter,train/ti16671221_1223.jpg,test
Report,train/40037985-7989.jpg,test
News,train/2047870236.jpg,test
Memo,val/2073893399.jpg,test
Form,train/2505154716.jpg,test
Note,test/2022916569.jpg,test
Memo,test/85622275.jpg,test
News,train/2010030882.jpg,test
Letter,test/679995.jpg,test
Letter,train/500370717.jpg,test
Form,train/94543616.jpg,test
Email,train/528986985+-6985.jpg,test
Email,test/2078758393a.jpg,test
Form,test/2065088945.jpg,test
Letter,test/50019787.jpg,test
Letter,test/507724696.jpg,test
News,train/2025028501.jpg,test
Report,train/tob08823.31_tob08823.32.jpg,test
Memo,train/520070902+-0902.jpg,test
Note,train/2080475741.jpg,test
Letter,train/12745912.jpg,test
Letter,train/10381924.jpg,test
Form,train/2025558567.jpg,test
Memo,train/1001889415.jpg,test
News,train/2083780649.jpg,test
ADVE,val/2070718633.jpg,test
Form,train/2076451948.jpg,test
Email,train/2081500771.jpg,test
Email,test/531327349+-7349.jpg,test
Form,train/2078562901.jpg,test
Resume,train/50553047-3048.jpg,test
ADVE,train/517500165+-0165.jpg,test
Email,train/2085760404.jpg,test
Email,val/2083318296a.jpg,test
Email,train/2077619372a.jpg,test
Report,train/2082223866.jpg,test
Form,train/2086082866.jpg,test
Note,test/2023163743.jpg,test
Email,train/2078785333.jpg,test
Report,train/24006371_24006372.jpg,test
Report,train/515245506+-5506.jpg,test
Email,val/2073979455.jpg,test
Email,train/2081917771.jpg,test
ADVE,test/91551808.jpg,test
Form,train/2030865618.jpg,test
ADVE,test/2043025626.jpg,test
Memo,train/2076790792.jpg,test
Memo,train/2045187675_2045187679.jpg,test
Memo,test/1003640109.jpg,test
Letter,train/503808253.jpg,test
Memo,train/1000251492.jpg,test
Memo,test/2078795106.jpg,test
Email,train/2080436553a.jpg,test
ADVE,train/87066788.jpg,test
ADVE,train/502600009+-0009.jpg,test
Report,train/518405084+-5085.jpg,test
Email,train/2085041601b.jpg,test
Letter,train/11284250.jpg,test
Memo,train/2069625942_5947.jpg,test
Form,train/2030982612_2030982615.jpg,test
Letter,train/71153406.jpg,test
Email,val/2078783765.jpg,test
Resume,train/tob06632.98_tob06632.99.jpg,test
Form,train/506483587_506483588.jpg,test
Letter,train/50499170-9170.jpg,test
Email,train/2075574004c.jpg,test
Memo,train/2061839050.jpg,test
Note,train/2063603124.jpg,test
Report,train/511408565+-8565.jpg,test
Email,train/2085794222a.jpg,test
Memo,train/85014287_4299.jpg,test
Memo,train/2051122847.jpg,test
Memo,train/504301618+-1618.jpg,test
News,val/2023798955.jpg,test
Memo,train/2047929185.jpg,test
ADVE,train/502607827+-7827.jpg,test
Form,train/2001242496.jpg,test
Letter,train/501995871_501995872.jpg,test
Memo,val/514963180+-3180.jpg,test
ADVE,train/92111083.jpg,test
Letter,train/503673274_503673275.jpg,test
News,train/2057077308.jpg,test
ADVE,train/517502631+-2631.jpg,test
Email,train/2078721312.jpg,test
Letter,train/502364579.jpg,test
Memo,train/500068563.jpg,test
Email,val/2085800016d.jpg,test
Resume,train/50513051-3052.jpg,test
Email,train/528348661+-8661.jpg,test
Form,train/2077852013.jpg,test
Email,train/530465535+-5536.jpg,test
Form,val/512983569.jpg,test
Form,train/87116586_6588.jpg,test
Memo,val/2061670897.jpg,test
Note,train/2028919119.jpg,test
ADVE,train/13581913.jpg,test
News,train/1005150791.jpg,test
Memo,val/2060347872_2060347873.jpg,test
Letter,train/11242995.jpg,test
Letter,train/50284479-4479.jpg,test
News,train/03620726.jpg,test
Form,train/2082989787.jpg,test
Memo,train/2058090026.jpg,test
Email,train/2085115771c.jpg,test
Email,train/2064334043b.jpg,test
Email,train/2085111332a.jpg,test
News,train/0000114117.jpg,test
Memo,train/508951029+-1033.jpg,test
Email,train/2078174733_4734.jpg,test
Email,train/528377798+-7798.jpg,test
Email,train/2085678310c.jpg,test
Email,train/2078870030.jpg,test
Memo,train/2051691699_2051691700.jpg,test
Memo,val/2046912122_2123.jpg,test
Memo,train/12997349.jpg,test
Email,train/525220448+-0448.jpg,test
Note,train/2025827751.jpg,test
Memo,test/82918230_82918239.jpg,test
